1655424000000.0,20400.6,21365.43,20246.66,20468.81,86694.33663,2022-06-17,,,
1655510400000.0,20468.81,20792.06,17622.0,18970.79,196441.655524,2022-06-18,,,
1655596800000.0,18970.79,20815.95,17960.41,20574.0,128320.87595,2022-06-19,,,
1655683200000.0,20574.0,21090.0,19637.03,20573.89,109028.94154,2022-06-20,,,
1655769600000.0,20573.9,21723.0,20348.4,20723.52,104371.0749,2022-06-21,,,
1655856000000.0,20723.51,20900.0,19770.51,19987.99,92133.97938,2022-06-22,,,
1655942400000.0,19988.0,21233.0,19890.07,21110.13,83127.08716,2022-06-23,20344.161428571428,,
1656028800000.0,21110.12,21558.41,20736.72,21237.69,77430.36622,2022-06-24,20454.00142857143,,
1656115200000.0,21237.68,21614.5,20906.62,21491.19,51431.67794,2022-06-25,20814.058571428573,,
1656201600000.0,21491.18,21888.0,20964.73,21038.07,53278.10464,2022-06-26,20880.354285714282,,
1656288000000.0,21038.08,21539.85,20510.0,20742.56,64475.0013,2022-06-27,20904.45,,
1656374400000.0,20742.57,21212.1,20202.01,20281.29,63801.0832,2022-06-28,20841.274285714288,,
1656460800000.0,20281.28,20432.31,19854.92,20123.01,77309.04379,2022-06-29,20860.562857142857,,
1656547200000.0,20123.0,20179.08,18626.0,19942.21,93846.64806,2022-06-30,20693.717142857142,,
1656633600000.0,19942.21,20918.35,18975.0,19279.8,111844.59494,2022-07-01,20414.018571428573,,
1656720000000.0,19279.8,19467.39,18977.01,19252.81,46180.3021,2022-07-02,20094.25,,
1656806400000.0,19252.82,19647.63,18781.0,19315.83,51087.46631,2022-07-03,19848.215714285714,,
1656892800000.0,19315.83,20354.01,19055.31,20236.71,74814.04601,2022-07-04,19775.95142857143,,
1656979200000.0,20236.71,20750.0,19304.4,20175.83,96041.13756,2022-07-05,19760.885714285716,,
1657065600000.0,20175.84,20675.22,19761.25,20564.51,82439.5808,2022-07-06,19823.957142857143,,
1657152000000.0,20564.51,21838.1,20251.68,21624.98,85014.58261,2022-07-07,20064.352857142858,,
1657238400000.0,21624.99,22527.37,21189.26,21594.75,403081.57349,2022-07-08,20395.06,,
1657324800000.0,21594.75,21980.0,21322.12,21591.83,178417.84468,2022-07-09,20729.205714285716,,
1657411200000.0,21592.15,21607.65,20655.0,20862.47,192188.21556,2022-07-10,20950.154285714285,,
1657497600000.0,20861.11,20868.48,19875.23,19963.61,137535.40724,2022-07-11,20911.140000000003,20469.1312,
1657584000000.0,19963.61,20059.42,19240.0,19328.75,139506.45862,2022-07-12,20790.12857142857,20423.5288,
1657670400000.0,19331.28,20366.61,18910.94,20234.87,209250.24888,2022-07-13,20743.037142857145,20474.092,
1657756800000.0,20234.87,20900.0,19616.07,20588.84,174809.21696,2022-07-14,20595.01714285714,20474.6856,
1657843200000.0,20588.84,21200.0,20382.29,20830.04,143343.3049,2022-07-15,20485.772857142856,20484.9316,
1657929600000.0,20830.04,21588.94,20478.61,21195.6,121011.67393,2022-07-16,20429.16857142857,20503.8148,
1658016000000.0,21195.6,21684.54,20750.01,20798.16,118229.4525,2022-07-17,20419.981428571427,20536.2216,
1658102400000.0,20799.58,22777.63,20762.45,22432.58,239942.73132,2022-07-18,20772.691428571427,20589.119599999998,
1658188800000.0,22432.58,23800.0,21579.54,23396.62,263770.76574,2022-07-19,21353.815714285713,20675.4768,
1658275200000.0,23398.48,24276.74,22906.19,23223.3,238762.17094,2022-07-20,21780.734285714283,20744.761199999997,
1658361600000.0,23223.3,23442.77,22341.46,23152.19,184817.68191,2022-07-21,22146.92714285714,20829.325999999997,
1658448000000.0,23152.19,23756.49,22500.0,22684.83,171598.43966,2022-07-22,22411.897142857142,20907.016799999998,
1658534400000.0,22684.83,23000.77,21934.57,22451.07,122137.77375,2022-07-23,22591.25,20993.807999999997,
1658620800000.0,22448.58,23014.64,22257.15,22579.68,115189.67277,2022-07-24,22845.75285714286,21092.0748,
1658707200000.0,22577.13,22666.0,21250.0,21310.9,180344.76643,2022-07-25,22685.512857142858,21146.822399999997,
1658793600000.0,21310.9,21347.82,20706.5,21254.67,177817.24326,2022-07-26,22379.52,21225.817199999998,
1658880000000.0,21254.67,23112.63,21042.53,22952.45,210971.19796,2022-07-27,22340.827142857142,21373.802799999998,
1658966400000.0,22954.31,24199.72,22582.13,23842.93,236029.0741,2022-07-28,22439.504285714287,21554.886799999997,
1659052800000.0,23845.25,24442.66,23414.03,23773.75,198298.50623,2022-07-29,22595.064285714285,21696.3684,
1659139200000.0,23777.28,24668.0,23502.25,23643.51,151060.13211,2022-07-30,22765.41285714286,21835.0756,
1659225600000.0,23644.64,24194.82,23227.31,23293.32,127743.32483,2022-07-31,22867.36142857143,21944.228,
1659312000000.0,23296.36,23509.68,22850.0,23268.01,144210.16219,2022-08-01,23146.94857142857,22009.9492,
1659398400000.0,23266.9,23459.89,22654.37,22987.79,158073.28225,2022-08-02,23394.53714285714,22065.6708,
1659484800000.0,22985.93,23647.68,22681.22,22818.37,145948.80995,2022-08-03,23375.382857142857,22114.7324,
1659571200000.0,22816.91,23223.32,22400.0,22622.98,154854.67016,2022-08-04,23201.104285714286,22185.152799999996,
1659657600000.0,22622.41,23472.86,22586.95,23312.42,175251.69749,2022-08-05,23135.2,22319.1052,21394.118199999997
1659744000000.0,23313.56,23354.36,22909.52,22954.21,83911.80307,2022-08-06,23036.72857142857,22464.1236,21443.8262
1659830400000.0,22954.21,23402.0,22844.62,23174.39,88890.00877,2022-08-07,23019.73857142857,22581.7044,21527.8982
1659916800000.0,23174.39,24245.0,23154.25,23810.0,170958.44152,2022-08-08,23097.165714285715,22710.5508,21592.618199999997
1660003200000.0,23810.98,23933.25,22865.0,23149.95,143182.50858,2022-08-09,23120.33142857143,22803.347199999997,21644.1394
1660089600000.0,23151.32,24226.0,22664.69,23954.05,208916.54953,2022-08-10,23282.571428571428,22913.6852,21708.75
1660176000000.0,23954.05,24918.54,23852.13,23934.39,249759.79557,2022-08-11,23469.915714285715,23039.1344,21787.678
1660262400000.0,23933.09,24456.5,23583.0,24403.68,174207.5704,2022-08-12,23625.81,23117.9784,21853.549000000003
1660348800000.0,24401.7,24888.0,24291.22,24441.38,152852.25435,2022-08-13,23838.262857142858,23159.768799999998,21917.622799999997
1660435200000.0,24443.06,25047.56,24144.0,24305.24,151206.14473,2022-08-14,23999.812857142857,23203.046399999996,21973.9038
1660521600000.0,24305.25,25211.32,23773.22,24094.82,242539.54758,2022-08-15,24040.50142857143,23240.751600000003,22035.0388
1660608000000.0,24093.04,24247.49,23671.22,23854.74,179324.94821,2022-08-16,24141.18571428571,23287.548,22097.282400000004
1660694400000.0,23856.15,24446.71,23180.4,23342.66,210668.68766,2022-08-17,24053.844285714287,23323.211600000002,22158.5098
1660780800000.0,23342.66,23600.0,23111.04,23191.2,144185.97011,2022-08-18,23947.674285714285,23347.672399999996,22219.873600000003
1660867200000.0,23191.45,23208.67,20783.57,20834.39,283995.87747,2022-08-19,23437.77571428571,23328.612,22237.717200000003
1660953600000.0,20834.39,21382.85,20761.9,21140.07,183041.68363,2022-08-20,22966.16,23324.028,22274.9226
1661040000000.0,21140.07,21800.0,21069.11,21515.61,159200.6841,2022-08-21,22567.641428571427,23266.554400000005,22320.1786
1661126400000.0,21516.7,21548.71,20890.18,21399.83,222222.04526,2022-08-22,22182.64285714286,23168.8304,22361.8586
1661212800000.0,21400.75,21684.87,20890.14,21529.12,200967.77164,2022-08-23,21850.411428571428,23079.0452,22387.706799999996
1661299200000.0,21529.11,21900.0,21145.0,21368.08,174383.22046,2022-08-24,21568.328571428574,22988.028,22411.551799999997
1661385600000.0,21368.05,21819.88,21310.15,21559.04,169915.78301,2022-08-25,21335.162857142856,22918.6568,22431.442400000004
1661472000000.0,21559.04,21886.77,20107.9,20241.05,273811.61955,2022-08-26,21250.4,22797.578400000002,22403.7638
1661558400000.0,20239.14,20402.93,19800.0,20037.6,162582.46032,2022-08-27,21092.90428571429,22679.5708,22372.620799999997
1661644800000.0,20037.6,20171.18,19520.0,19555.61,139307.95976,2022-08-28,20812.90428571429,22549.060400000002,22331.8964
1661731200000.0,19555.61,20433.62,19550.79,20285.73,210509.49545,2022-08-29,20653.747142857144,22455.5704,22320.3616
1661817600000.0,20287.2,20576.25,19540.0,19811.66,256634.35529,2022-08-30,20408.395714285718,22315.54,22317.3226
1661904000000.0,19813.03,20490.0,19797.94,20050.02,276946.60765,2022-08-31,20220.101428571426,22199.372400000004,22331.748
1661990400000.0,20048.44,20208.37,19565.66,20131.46,245289.97263,2022-09-01,20016.161428571428,22077.6552,22329.679799999998
1662076800000.0,20132.64,20441.26,19755.29,19951.86,245986.6033,2022-09-02,19974.84857142857,21923.3296,22316.9402
1662163200000.0,19950.98,20055.93,19652.72,19831.9,146639.03204,2022-09-03,19945.462857142855,21790.607600000003,22296.977399999996
1662249600000.0,19832.45,20029.23,19583.1,20000.3,145588.77893,2022-09-04,20008.989999999998,21632.457599999998,22273.0714
1662336000000.0,20000.3,20057.27,19633.83,19796.84,222543.01057,2022-09-05,19939.148571428574,21466.9556,22253.045
1662422400000.0,19795.34,20180.0,18649.51,18790.61,356315.05718,2022-09-06,19793.284285714286,21242.4328,22180.205599999998
1662508800000.0,18790.61,19464.06,18510.77,19292.84,287394.7788,2022-09-07,19685.115714285716,21036.4912,22098.13
1662595200000.0,19292.85,19458.25,19012.0,19319.77,262813.28273,2022-09-08,19569.16,20837.0724,22020.0594
1662681600000.0,19320.54,21597.22,19291.75,21360.11,428919.74652,2022-09-09,19770.338571428572,20727.683999999997,21984.217800000002
1662768000000.0,21361.62,21810.8,21111.13,21648.34,307997.33504,2022-09-10,20029.829999999998,20639.428,21963.487999999998
1662854400000.0,21647.21,21860.0,21350.0,21826.87,280702.55149,2022-09-11,20290.768571428573,20578.796400000003,21951.004000000004
1662940800000.0,21826.87,22488.0,21538.51,22395.74,395395.61828,2022-09-12,20662.04,20546.978,21947.3252
1663027200000.0,22395.44,22799.0,19860.0,20173.57,431915.03333,2022-09-13,20859.605714285713,20520.5452,21924.578599999997
1663113600000.0,20173.62,20541.48,19617.62,20226.71,340826.40151,2022-09-14,20993.015714285713,20484.0108,21904.0194
1663200000000.0,20227.17,20330.24,19497.0,19701.88,333069.76076,2022-09-15,21047.602857142858,20411.4616,21839.007999999998
1663286400000.0,19701.88,19890.0,19320.01,19803.3,283791.07064,2022-09-16,20825.20142857143,20347.6004,21758.2154
1663372800000.0,19803.3,20189.0,19748.08,20113.62,179350.24338,2022-09-17,20605.955714285716,20290.9804,21685.012799999997
1663459200000.0,20112.61,20117.26,19335.62,19416.18,254217.46904,2022-09-18,20261.571428571428,20212.9044,21600.466200000003
1663545600000.0,19417.45,19686.2,18232.56,19537.02,380512.40306,2022-09-19,19853.182857142856,20132.0236,21525.3402
1663632000000.0,19537.02,19634.62,18711.87,18875.0,324098.3286,2022-09-20,19667.672857142858,20077.3816,21437.48
1663718400000.0,18874.31,19956.0,18125.98,18461.36,385034.10021,2022-09-21,19415.48,20014.332000000002,21346.9514
1663804800000.0,18461.36,19550.17,18356.39,19401.63,379321.72111,2022-09-22,19372.58714285714,20008.1728,21278.6166
1663891200000.0,19401.63,19500.0,18531.42,19289.91,385886.91829,2022-09-23,19299.245714285713,19968.34,21211.9552
1663977600000.0,19288.57,19316.14,18805.34,18920.5,239496.56746,2022-09-24,19128.8,19932.6936,21124.116800000003
1664064000000.0,18921.99,19180.21,18629.2,18807.38,191191.4492,2022-09-25,19041.828571428574,19882.988,21041.1802
1664150400000.0,18809.13,19318.96,18680.72,19227.82,439239.21943,2022-09-26,18997.657142857144,19846.8424,20962.248799999998
1664236800000.0,19226.68,20385.86,18816.32,19079.13,593260.74161,2022-09-27,19026.818571428572,19811.9332,20867.6314
1664323200000.0,19078.1,19790.0,18471.28,19412.82,521385.45547,2022-09-28,19162.74142857143,19795.17,20792.8888
1664409600000.0,19412.82,19645.52,18843.01,19591.51,406424.93256,2022-09-29,19189.867142857143,19778.8184,20705.638
1664496000000.0,19590.54,20185.0,19155.36,19422.61,444322.9534,2022-09-30,19208.824285714283,19763.8492,20615.4024
1664582400000.0,19422.61,19484.0,19159.42,19310.95,165625.13959,2022-10-01,19264.602857142858,19784.662800000002,20513.5478
1664668800000.0,19312.24,19395.91,18920.35,19056.8,206812.47032,2022-10-02,19300.234285714287,19775.2212,20405.856200000002
1664755200000.0,19057.74,19719.1,18959.68,19629.08,293585.75212,2022-10-03,19357.557142857142,19787.5936,20312.333
1664841600000.0,19629.08,20475.0,19490.6,20337.82,327012.00127,2022-10-04,19537.37,19746.702,20237.193
1664928000000.0,20337.82,20365.6,19730.0,20158.26,312239.75224,2022-10-05,19643.86142857143,19687.0988,20163.2634
1665014400000.0,20158.26,20456.6,19853.0,19960.67,320122.1702,2022-10-06,19696.59857142857,19612.450800000002,20095.6236
1665100800000.0,19960.67,20068.82,19320.0,19530.09,220874.83913,2022-10-07,19711.95285714286,19497.8248,20022.401400000002
1665187200000.0,19530.09,19627.38,19237.14,19417.96,102480.09842,2022-10-08,19727.239999999998,19467.6004,19994.0728
1665273600000.0,19416.52,19558.0,19316.04,19439.02,113900.82681,2022-10-09,19781.842857142856,19436.0928,19960.0518
1665360000000.0,19439.96,19525.0,19020.25,19131.87,212509.09849,2022-10-10,19710.812857142857,19413.2924,19912.377
1665446400000.0,19131.87,19268.09,18860.0,19060.0,243473.84286,2022-10-11,19528.26714285714,19383.5604,19865.5804
1665532800000.0,19060.0,19238.31,18965.88,19155.53,213826.26731,2022-10-12,19385.019999999997,19345.2368,19818.1086
1665619200000.0,19155.1,19513.79,18190.0,19375.13,399756.68337,2022-10-13,19301.37142857143,19343.5948,19778.2496
1665705600000.0,19375.58,19951.87,19070.37,19176.93,351634.32601,2022-10-14,19250.920000000002,19329.191199999997,19730.6074
1665792000000.0,19176.93,19227.68,18975.18,19069.39,113847.64232,2022-10-15,19201.124285714286,19336.966800000002,19707.174199999998
1665878400000.0,19068.4,19425.84,19063.74,19262.98,131894.61885,2022-10-16,19175.975714285716,19369.0316,19691.6818
1665964800000.0,19262.98,19676.96,19152.03,19549.86,222813.87634,2022-10-17,19235.68857142857,19374.960799999997,19691.5668
1666051200000.0,19548.48,19706.66,19091.0,19327.44,260313.07848,2022-10-18,19273.894285714287,19376.462,19672.401
1666137600000.0,19327.44,19360.16,19065.97,19123.97,186137.29538,2022-10-19,19269.385714285716,19384.6008,19658.6472
1666224000000.0,19123.35,19347.82,18900.0,19041.92,223530.13068,2022-10-20,19221.784285714286,19393.9824,19638.4852
1666310400000.0,19041.92,19250.0,18650.0,19164.37,269310.75769,2022-10-21,19219.989999999998,19391.4444,19619.1434
1666396800000.0,19164.37,19257.0,19112.72,19204.35,110403.90837,2022-10-22,19239.269999999997,19396.4532,19604.1932
1666483200000.0,19204.29,19695.0,19070.11,19570.4,167057.20184,2022-10-23,19283.187142857143,19402.7564,19598.963200000002
1666569600000.0,19570.4,19601.15,19157.0,19329.72,256168.14467,2022-10-24,19251.738571428574,19392.2848,19585.551600000003
1666656000000.0,19330.6,20415.87,19237.0,20080.07,326370.67061,2022-10-25,19359.257142857143,19418.583199999997,19591.2162
1666742400000.0,20079.02,21020.0,20050.41,20771.59,380492.69576,2022-10-26,19594.631428571425,19477.0088,19630.8358
1666828800000.0,20771.61,20872.21,20200.0,20295.11,328643.57791,2022-10-27,19773.65857142857,19526.5412,19650.8812
1666915200000.0,20295.11,20750.0,20000.09,20591.84,287039.94569,2022-10-28,19977.58285714286,19565.0516,19676.3226
1667001600000.0,20591.84,21085.0,20554.01,20809.67,254881.77755,2022-10-29,20206.914285714283,19583.925600000002,19665.3138
1667088000000.0,20809.68,20931.21,20515.0,20627.48,192795.60886,2022-10-30,20357.925714285717,19602.6944,19644.8966
1667174400000.0,20627.48,20845.92,20237.95,20490.74,303567.61628,2022-10-31,20523.785714285714,19623.8972,19618.174000000003
1667260800000.0,20490.74,20700.0,20330.74,20483.62,279932.43771,2022-11-01,20581.43571428571,19662.0384,19579.9316
1667347200000.0,20482.81,20800.0,20048.04,20151.84,373716.27299,2022-11-02,20492.899999999998,19691.3936,19579.497
1667433600000.0,20151.84,20393.32,20031.24,20207.82,319185.1544,2022-11-03,20480.43,19722.1456,19579.1192
1667520000000.0,20207.12,21302.05,20180.96,21148.52,453694.39165,2022-11-04,20559.955714285716,19802.8116,19608.052
1667606400000.0,21148.52,21480.65,21080.65,21299.37,245621.98525,2022-11-05,20629.91285714286,19892.386400000003,19637.9734
1667692800000.0,21299.37,21365.27,20886.13,20905.58,230036.97217,2022-11-06,20669.641428571427,19962.3884,19653.8126
1667779200000.0,20905.58,21069.77,20384.89,20591.13,386977.60337,2022-11-07,20683.98285714286,20011.0284,19677.3116
1667865600000.0,20590.67,20700.88,17166.83,18547.23,760705.362783,2022-11-08,20407.355714285717,19985.8404,19657.5158
1667952000000.0,18545.38,18587.76,15588.0,15922.81,731926.929729,2022-11-09,19803.20857142857,19859.9772,19598.471999999998
1668038400000.0,15922.68,18199.0,15754.26,17601.15,608448.36432,2022-11-10,19430.827142857142,19793.504,19581.2678
1668124800000.0,17602.45,17695.0,16361.6,17070.31,393552.86492,2022-11-11,18848.225714285716,19694.322,19534.6414
1668211200000.0,17069.98,17119.1,16631.39,16812.08,167819.96035,2022-11-12,18207.184285714287,19593.7076,19485.0848
1668297600000.0,16813.16,16954.28,16229.0,16329.85,184960.78846,2022-11-13,17553.508571428574,19481.9428,19433.2718
1668384000000.0,16331.78,17190.0,15815.21,16619.46,380210.7775,2022-11-14,16986.127142857145,19385.0444,19389.5134
1668470400000.0,16617.72,17134.69,16527.72,16900.57,282461.84391,2022-11-15,16750.890000000003,19294.4924,19342.9684
1668556800000.0,16900.57,17015.92,16378.61,16662.76,261493.40809,2022-11-16,16856.597142857143,19192.828800000003,19294.641
1668643200000.0,16661.61,16751.0,16410.74,16692.56,228038.97873,2022-11-17,16726.79857142857,19077.7152,19240.235800000002
1668729600000.0,16692.56,17011.0,16546.04,16700.45,214224.18184,2022-11-18,16673.96142857143,18972.5444,19182.4146
1668816000000.0,16699.43,16822.41,16553.53,16700.68,104963.15558,2022-11-19,16658.047142857144,18837.3688,19127.976000000002
1668902400000.0,16700.68,16753.33,16180.0,16280.23,154842.13478,2022-11-20,16650.95857142857,18657.7144,19067.3616
1668988800000.0,16279.5,16319.0,15476.0,15781.29,324096.997753,2022-11-21,16531.22,18477.161600000003,19001.8514
1669075200000.0,15781.29,16315.0,15616.63,16226.94,239548.06623,2022-11-22,16434.987142857142,18302.5656,18933.8086
1669161600000.0,16227.96,16706.0,16160.2,16603.11,264927.70408,2022-11-23,16426.465714285714,18134.303200000002,18859.1144
1669248000000.0,16603.11,16812.63,16458.05,16598.95,206565.92346,2022-11-24,16413.09285714286,17973.162,18787.9282
1669334400000.0,16599.55,16666.0,16342.81,16522.14,182089.49533,2022-11-25,16387.62,17814.418,18719.1576
1669420800000.0,16521.35,16701.99,16385.0,16458.57,181804.81666,2022-11-26,16353.032857142858,17653.415999999997,18657.7272
1669507200000.0,16457.61,16600.0,16401.0,16428.78,162025.47607,2022-11-27,16374.254285714285,17504.4936,18597.9436
1669593600000.0,16428.77,16487.04,15995.27,16212.91,252695.40367,2022-11-28,16435.914285714283,17344.6972,18533.4214
1669680000000.0,16212.18,16548.71,16100.0,16442.53,248106.25009,2022-11-29,16466.712857142855,17156.4576,18479.6346
1669766400000.0,16442.91,17249.0,16428.3,17163.64,303019.80719,2022-11-30,16546.78857142857,16991.0284,18441.7074
1669852800000.0,17165.53,17324.0,16855.01,16977.37,232818.18218,2022-12-01,16600.84857142857,16833.9,18398.144200000002
1669939200000.0,16978.0,17105.73,16787.85,17092.74,202372.2062,2022-12-02,16682.36285714286,16693.9644,18352.4964
1670025600000.0,17092.13,17188.98,16858.74,16885.2,154542.57306,2022-12-03,16743.31,16627.483200000002,18306.661799999998
1670112000000.0,16885.2,17202.84,16878.25,17105.7,178619.13387,2022-12-04,16840.012857142858,16674.7988,18267.388
1670198400000.0,17106.65,17424.25,16867.0,16966.35,233703.29225,2022-12-05,16947.647142857142,16649.4068,18221.4554
1670284800000.0,16966.35,17107.01,16906.37,17088.96,218730.76883,2022-12-06,17039.994285714285,16650.152799999996,18172.237399999998
1670371200000.0,17088.96,17142.21,16678.83,16836.64,220657.41334,2022-12-07,16993.280000000002,16651.1352,18122.4214
1670457600000.0,16836.64,17299.0,16733.49,17224.1,236417.97804,2022-12-08,17028.527142857143,16686.9052,18084.424
1670544000000.0,17224.1,17360.0,17058.21,17128.56,238422.06465,2022-12-09,17033.644285714287,16707.269200000002,18046.1568
1670630400000.0,17128.56,17227.72,17092.0,17127.49,140573.97937,2022-12-10,17068.257142857143,16716.346,18005.4192
1670716800000.0,17127.49,17270.99,17071.0,17085.05,155286.47871,2022-12-11,17065.307142857142,16733.2376,17963.0332
1670803200000.0,17085.05,17241.89,16871.85,17209.83,226227.49694,2022-12-12,17100.09,16753.9284,17915.821799999998
1670889600000.0,17208.93,18000.0,17080.14,17774.7,284462.9139,2022-12-13,17198.052857142855,16796.898400000002,17884.7214
1670976000000.0,17775.82,18387.95,17660.94,17803.15,266681.22209,2022-12-14,17336.125714285714,16840.997199999998,17839.183
1671062400000.0,17804.01,17854.82,17275.51,17356.34,223701.96882,2022-12-15,17355.01714285714,16884.0416,17770.878
1671148800000.0,17356.96,17531.73,16527.32,16632.12,253379.04116,2022-12-16,17284.097142857143,16918.0748,17697.618199999997
1671235200000.0,16631.5,16796.82,16579.85,16776.52,144825.66684,2022-12-17,17233.95857142857,16940.058,17621.3118
1671321600000.0,16777.54,16863.26,16663.07,16738.21,112619.31646,2022-12-18,17184.41,16945.462,17539.8826
1671408000000.0,16739.0,16815.99,16256.3,16438.88,179094.28305,2022-12-19,17074.274285714288,16939.0592,17456.1106
1671494400000.0,16438.88,17061.27,16397.2,16895.56,248808.92324,2022-12-20,16948.682857142856,16953.996,17384.207
1671580800000.0,16896.15,16925.0,16723.0,16824.67,156810.96362,2022-12-21,16808.9,16968.64,17311.028000000002
1671667200000.0,16824.68,16868.52,16559.85,16821.43,176044.27235,2022-12-22,16732.484285714287,16984.346,17244.4198
1671753600000.0,16821.9,16955.14,16731.13,16778.5,161612.00947,2022-12-23,16753.395714285714,17006.9696,17175.8334
1671840000000.0,16778.52,16869.99,16776.62,16836.12,100224.29096,2022-12-24,16761.91,17022.713200000002,17089.5854
1671926400000.0,16835.73,16857.96,16721.0,16832.11,125441.07202,2022-12-25,16775.324285714283,17009.452,17000.2402
1672012800000.0,16832.11,16944.52,16791.0,16919.39,124564.00656,2022-12-26,16843.96857142857,17007.1328,16920.5164
1672099200000.0,16919.39,16972.83,16592.37,16706.36,173749.58616,2022-12-27,16816.94,16991.6776,16842.821
1672185600000.0,16706.06,16785.19,16465.33,16547.31,193037.56577,2022-12-28,16777.317142857144,16978.162,16802.8226
1672272000000.0,16547.32,16664.41,16488.91,16633.47,160998.47158,2022-12-29,16750.465714285714,16959.2728,16817.0358
1672358400000.0,16633.47,16677.35,16333.0,16607.48,164916.31174,2022-12-30,16726.034285714286,16944.918,16797.1624
1672444800000.0,16607.48,16644.09,16470.0,16542.4,114490.42864,2022-12-31,16684.074285714283,16923.0556,16786.604199999998
1672531200000.0,16541.77,16628.0,16499.01,16616.75,96925.41374,2023-01-01,16653.308571428573,16914.26,16782.6976
1672617600000.0,16617.17,16799.23,16548.7,16672.87,121888.57191,2023-01-02,16618.091428571428,16892.210799999997,16789.558
1672704000000.0,16672.78,16778.4,16605.28,16675.18,159541.53733,2023-01-03,16613.63714285714,16874.0756,16790.6724
1672790400000.0,16675.65,16991.87,16652.66,16850.36,220362.18862,2023-01-04,16656.93,16862.9904,16789.6682
1672876800000.0,16850.36,16879.82,16753.0,16831.85,163473.56641,2023-01-05,16685.27,16852.862399999998,16793.05
1672963200000.0,16831.85,17041.0,16679.0,16950.65,207401.28415,2023-01-06,16734.294285714284,16842.4952,16798.2118
1673049600000.0,16950.31,16981.91,16908.0,16943.57,104526.5688,2023-01-07,16791.604285714286,16809.25,16803.0742
1673136000000.0,16943.83,17176.99,16911.0,17127.83,135155.89695,2023-01-08,16864.615714285716,16782.2372,16811.6172
1673222400000.0,17127.83,17398.8,17104.66,17178.26,266211.52723,2023-01-09,16936.814285714285,16775.113999999998,16829.5778
1673308800000.0,17179.04,17499.0,17146.34,17440.66,221382.42581,2023-01-10,17046.168571428574,16807.4556,16862.7652
1673395200000.0,17440.64,18000.0,17315.6,17943.26,262221.60653,2023-01-11,17202.297142857144,16854.1252,16897.0916
1673481600000.0,17943.26,19117.04,17892.05,18846.62,454568.32178,2023-01-12,17490.121428571427,16938.461600000002,16941.9618
1673568000000.0,18846.62,20000.0,18714.12,19930.01,368615.87823,2023-01-13,17915.744285714285,17078.106799999998,17008.583
1673654400000.0,19930.01,21258.0,19888.05,20954.92,393913.74951,2023-01-14,18488.794285714284,17240.481200000002,17097.2386
1673740800000.0,20952.76,21050.74,20551.01,20871.5,178542.22549,2023-01-15,19023.604285714282,17402.3544,17185.497199999998
1673827200000.0,20872.99,21474.05,20611.48,21185.65,293078.08262,2023-01-16,19596.088571428572,17576.923199999997,17280.6346
1673913600000.0,21185.65,21647.45,20841.31,21134.81,275407.74409,2023-01-17,20123.824285714283,17751.1756,17379.0726
1674000000000.0,21132.29,21650.0,20407.15,20677.47,350916.01949,2023-01-18,20514.425714285717,17904.8296,17463.771399999998
1674086400000.0,20677.47,21192.0,20659.19,21071.59,251385.84925,2023-01-19,20832.278571428575,18074.408799999997,17541.9304
1674172800000.0,21071.59,22755.93,20861.28,22667.21,338079.13659,2023-01-20,21223.307142857142,18304.3216,17655.7272
1674259200000.0,22666.0,23371.8,22422.0,22783.55,346445.48432,2023-01-21,21484.54,18547.4092,17769.543400000002
1674345600000.0,22783.35,23078.71,22292.37,22707.88,253577.75286,2023-01-22,21746.88,18793.832,17885.997000000003
1674432000000.0,22706.02,23180.0,22500.0,22916.45,293588.37938,2023-01-23,21994.13714285714,19045.1512,18002.212
1674518400000.0,22917.81,23162.2,22462.93,22632.89,293158.78254,2023-01-24,22208.148571428574,19286.1676,18115.5428
1674604800000.0,22631.94,23816.73,22300.0,23060.94,346042.83223,2023-01-25,22548.644285714287,19546.909200000002,18234.9824
1674691200000.0,23060.42,23282.47,22850.01,23009.65,288924.43581,2023-01-26,22825.510000000002,19802.6252,18358.4426
1674777600000.0,23009.65,23500.0,22534.88,23074.16,280833.86315,2023-01-27,22883.645714285714,20058.6768,18475.4438
1674864000000.0,23074.16,23189.0,22878.46,23022.6,148115.71085,2023-01-28,22917.795714285716,20312.5736,18593.3246
1674950400000.0,23021.4,23960.54,22967.76,23742.3,295688.79204,2023-01-29,23065.57,20588.2512,18725.6208
1675036800000.0,23743.37,23800.51,22500.0,22826.15,302405.90121,2023-01-30,23052.670000000002,20828.0232,18840.442799999997
1675123200000.0,22827.38,23320.0,22714.77,23125.13,264649.34909,2023-01-31,23122.989999999998,21075.002399999998,18958.748799999998
1675209600000.0,23125.13,23812.66,22760.23,23732.66,310790.42271,2023-02-01,23218.95,21346.566000000003,19077.908
1675296000000.0,23731.41,24255.0,23363.27,23488.94,364177.20751,2023-02-02,23287.420000000002,21601.0104,19191.6238
1675382400000.0,23489.33,23715.7,23204.62,23431.9,332571.02904,2023-02-03,23338.52571428571,21851.156000000003,19313.135
1675468800000.0,23431.9,23587.78,23253.96,23326.84,166126.47295,2023-02-04,23381.98857142857,22086.603199999998,19447.029400000003
1675555200000.0,23327.66,23433.33,22743.0,22932.91,209251.33917,2023-02-05,23266.36142857143,22286.1892,19570.1572
1675641600000.0,22932.91,23158.25,22628.13,22762.52,265371.6069,2023-02-06,23257.271428571432,22442.8252,19690.643399999997
1675728000000.0,22762.52,23350.25,22745.78,23240.46,308006.72482,2023-02-07,23273.747142857144,22575.243199999997,19826.675
1675814400000.0,23242.42,23452.0,22665.85,22963.0,280056.30717,2023-02-08,23163.795714285716,22655.5664,19948.023800000003
1675900800000.0,22961.85,23011.39,21688.0,21796.35,402894.6955,2023-02-09,22921.99714285714,22692.560400000002,20047.4574
1675987200000.0,21797.83,21938.16,21451.0,21625.19,338591.94247,2023-02-10,22663.895714285714,22710.142000000003,20143.5326
1676073600000.0,21625.19,21906.32,21599.78,21862.55,177021.58433,2023-02-11,22454.71142857143,22739.251599999996,20245.213600000003
1676160000000.0,21862.02,22090.0,21630.0,21783.54,204435.65163,2023-02-12,22290.515714285713,22783.4944,20344.162
1676246400000.0,21782.37,21894.99,21351.07,21773.97,295730.76791,2023-02-13,22149.294285714284,22811.5896,20442.999200000002
1676332800000.0,21774.63,22319.08,21532.77,22199.84,361958.40109,2023-02-14,22000.634285714284,22792.894800000005,20548.608200000002
1676419200000.0,22199.84,24380.0,22047.28,24324.05,375669.16111,2023-02-15,22195.07,22854.5148,20700.962000000003
1676505600000.0,24322.87,25250.0,23505.25,23517.72,450080.68366,2023-02-16,22440.980000000003,22886.9084,20840.3702
1676592000000.0,23517.72,25021.11,23339.37,24569.97,496813.21376,2023-02-17,22861.66285714286,22953.049200000005,20999.1002
1676678400000.0,24568.24,24877.0,24430.0,24631.95,216917.25213,2023-02-18,23257.29142857143,23033.0116,21159.5896
1676764800000.0,24632.05,25192.0,24192.57,24271.76,300395.99542,2023-02-19,23612.751428571424,23081.4444,21314.1768
1676851200000.0,24272.51,25121.23,23840.83,24842.2,346938.56997,2023-02-20,24051.07,23154.746399999996,21478.6858
1676937600000.0,24843.89,25250.0,24148.34,24452.16,376000.82868,2023-02-21,24372.829999999998,23209.866400000003,21634.271599999996
1677024000000.0,24450.67,24476.05,23574.69,24182.21,379425.75365,2023-02-22,24352.567142857144,23256.250799999994,21784.4122
1677110400000.0,24182.21,24599.59,23608.0,23940.2,398400.45437,2023-02-23,24412.92142857143,23264.166800000003,21926.209000000003
1677196800000.0,23940.2,24132.35,22841.19,23185.29,343582.57453,2023-02-24,24215.109999999997,23278.532399999996,22053.277799999996
1677283200000.0,23184.04,23219.13,22722.0,23157.07,191311.8101,2023-02-25,24004.412857142856,23279.81,22177.4062
1677369600000.0,23157.07,23689.99,23059.18,23554.85,202323.73623,2023-02-26,23901.997142857144,23272.6976,22309.631800000003
1677456000000.0,23554.85,23897.99,23106.77,23492.09,283706.0859,2023-02-27,23709.124285714286,23272.8236,22436.916999999998
1677542400000.0,23492.09,23600.0,23020.97,23141.57,264140.99894,2023-02-28,23521.897142857142,23261.2104,22556.1832
1677628800000.0,23141.57,24000.0,23020.03,23628.97,315287.41737,2023-03-01,23442.86285714286,23273.2956,22679.949399999998
1677715200000.0,23629.76,23796.93,23195.9,23465.32,239315.45219,2023-03-02,23375.022857142852,23294.592,22790.3906
1677801600000.0,23465.32,23476.95,21971.13,22354.34,319954.19785,2023-03-03,23256.315714285716,23278.2648,22860.545
1677888000000.0,22354.34,22410.0,22157.08,22346.57,121257.38132,2023-03-04,23140.53,23242.5092,22908.876199999995
1677974400000.0,22346.57,22662.09,22189.22,22430.24,154841.75786,2023-03-05,22979.87142857143,23221.1988,22938.382599999997
1678060800000.0,22430.24,22602.19,22258.0,22410.0,203751.82957,2023-03-06,22825.287142857145,23245.7448,22969.152599999998
1678147200000.0,22409.41,22557.91,21927.0,22197.96,292519.80912,2023-03-07,22690.485714285714,23268.655600000002,22989.398800000003
1678233600000.0,22198.56,22287.0,21580.0,21705.44,301460.57272,2023-03-08,22415.695714285714,23262.3712,23000.811400000002
1678320000000.0,21704.37,21834.99,20042.72,20362.22,443658.28584,2023-03-09,21972.395714285714,23205.518399999997,22994.506400000002
1678406400000.0,20362.21,20367.78,19549.09,20150.69,618456.4671,2023-03-10,21657.588571428572,23140.5872,22976.088399999997
1678492800000.0,20150.69,20686.51,19765.03,20455.73,427831.82133,2023-03-11,21387.46857142857,23070.822799999998,22931.858799999998
1678579200000.0,20455.73,22150.0,20270.6,21997.11,430944.94288,2023-03-12,21325.592857142856,22977.7452,22916.13
1678665600000.0,21998.05,24500.0,21813.88,24113.48,687889.31259,2023-03-13,21568.947142857145,23001.5756,22944.242000000002
1678752000000.0,24112.27,26386.87,23976.42,24670.41,699360.93423,2023-03-14,21922.154285714285,23005.5932,22979.321200000002
1678838400000.0,24670.41,25196.97,23896.95,24285.66,581450.72984,2023-03-15,22290.757142857143,22991.7416,23012.376600000003
1678924800000.0,24285.66,25167.4,24123.0,24998.78,439421.32998,2023-03-16,22953.122857142855,23020.822399999997,23051.1334
1679011200000.0,24998.78,27756.84,24890.0,27395.13,624460.68091,2023-03-17,23988.042857142857,23122.939599999998,23138.842999999997
1679097600000.0,27395.13,27724.85,26578.0,26907.49,371238.97174,2023-03-18,24909.722857142857,23221.152800000003,23215.5096
1679184000000.0,26907.49,28390.1,26827.22,27972.87,372066.99054,2023-03-19,25763.402857142857,23372.779200000004,23314.515
1679270400000.0,27972.87,28472.0,27124.47,27717.01,477378.23373,2023-03-20,26278.192857142858,23523.851599999998,23394.0092
1679356800000.0,27717.01,28438.55,27303.1,28105.47,420929.7422,2023-03-21,26768.915714285715,23720.658800000005,23499.5956
1679443200000.0,28107.81,28868.05,26601.8,27250.97,224113.41296,2023-03-22,27192.53142857143,23884.4148,23582.1124
1679529600000.0,27250.97,28750.0,27105.0,28295.41,128649.60818,2023-03-23,27663.47857142857,24074.037200000002,23673.3674
1679616000000.0,28295.42,28374.3,27000.0,27454.47,86242.06544,2023-03-24,27671.955714285716,24232.532400000004,23752.678
1679702400000.0,27454.46,27787.33,27156.09,27462.95,50844.08102,2023-03-25,27751.307142857146,24405.3876,23833.299
1679788800000.0,27462.96,28194.4,27417.76,27968.05,49671.70353,2023-03-26,27750.61857142857,24578.950800000002,23926.123199999998
1679875200000.0,27968.05,28023.86,26508.14,27124.91,88039.46898,2023-03-27,27666.032857142858,24725.3344,24009.963200000002
1679961600000.0,27124.9,27520.0,26631.78,27261.07,78602.44341,2023-03-28,27545.40428571429,24921.6036,24099.9342
1680048000000.0,27261.06,28650.0,27240.1,28348.6,89486.16008,2023-03-29,27702.208571428575,25161.6848,24202.097
1680134400000.0,28348.6,29184.68,27686.0,28028.53,98865.43256,2023-03-30,27664.08285714286,25385.616400000003,24303.407600000002
1680220800000.0,28028.53,28656.69,27511.71,28465.36,78198.12139,2023-03-31,27808.495714285713,25627.8308,24436.7878
1680307200000.0,28465.36,28819.71,28220.27,28452.73,30238.44753,2023-04-01,27949.89285714286,25878.021599999996,24573.3386
1680393600000.0,28452.74,28530.0,27856.43,28171.87,37365.65692,2023-04-02,27979.010000000002,26136.678799999998,24699.525
1680480000000.0,28171.87,28500.99,27200.24,27800.0,79180.01405,2023-04-03,28075.45142857143,26434.19,24819.854199999998
1680566400000.0,27800.0,28444.44,27662.79,28165.47,49722.55691,2023-04-04,28204.65142857143,26754.7812,24947.6842
1680652800000.0,28165.47,28775.0,27805.1,28170.01,60737.64732,2023-04-05,28179.13857142857,27063.352399999996,25067.0876
1680739200000.0,28170.01,28182.05,27711.0,28033.82,40118.94963,2023-04-06,28179.894285714287,27304.8208,25141.283000000003
1680825600000.0,28033.83,28100.0,27766.94,27906.33,24762.09387,2023-04-07,28100.032857142858,27456.5348,25229.0552
1680912000000.0,27906.34,28154.99,27859.02,27938.38,19479.96735,2023-04-08,28026.554285714286,27587.2536,25296.4234
1680998400000.0,27938.38,28530.0,27800.0,28323.76,32531.16101,2023-04-09,28048.252857142856,27748.777599999998,25370.2596
1681084800000.0,28323.76,29770.0,28170.0,29637.34,67754.0622,2023-04-10,28310.73,27934.32,25477.571199999995
1681171200000.0,29637.35,30550.0,29590.0,30200.42,67990.07621,2023-04-11,28601.437142857143,28046.531600000002,25584.7356
1681257600000.0,30200.43,30486.0,29637.4,29888.07,62049.48451,2023-04-12,28846.874285714286,28165.754800000006,25693.4538
1681344000000.0,29888.07,30595.0,29854.59,30373.84,51934.11731,2023-04-13,29181.16285714286,28261.793599999997,25817.2864
1681430400000.0,30373.84,31000.0,29966.0,30466.93,75984.19452,2023-04-14,29546.962857142855,28371.7904,25947.820999999996
1681516800000.0,30466.93,30595.6,30202.0,30295.09,25429.81247,2023-04-15,29883.635714285712,28459.3752,26090.017000000003
1681603200000.0,30295.1,30549.99,30120.0,30304.65,26431.99322,2023-04-16,30166.62,28581.522399999998,26232.9686
1681689600000.0,30304.66,30316.06,29240.65,29430.27,56441.81127,2023-04-17,30137.038571428573,28626.916799999995,26350.477
1681776000000.0,29430.27,30485.0,29096.78,30380.01,62004.89434,2023-04-18,30162.694285714282,28743.9384,26488.2354
1681862400000.0,30380.01,30413.53,28520.0,28797.1,86575.48656,2023-04-19,30006.841428571428,28797.3044,26601.346
1681948800000.0,28797.1,29088.3,28010.0,28243.65,76879.09372,2023-04-20,29702.528571428567,28808.3284,26693.6396
1682035200000.0,28243.65,28374.02,27125.0,27262.84,77684.7679,2023-04-21,29244.801428571427,28813.845599999997,26769.59
1682121600000.0,27262.84,27882.72,27140.35,27816.85,36023.69686,2023-04-22,28890.76714285714,28836.076800000003,26878.8402
1682208000000.0,27816.85,27816.85,27311.25,27590.6,34812.09581,2023-04-23,28503.045714285716,28805.756800000003,26983.7208
1682294400000.0,27590.59,28000.0,26942.82,27510.93,53111.56874,2023-04-24,28228.854285714282,28785.052799999998,27085.3346
1682380800000.0,27510.93,28399.99,27192.0,28300.79,52325.14637,2023-04-25,27931.82285714286,28778.47,27203.1504
1682467200000.0,28300.8,30036.0,27235.0,28415.29,129228.40403,2023-04-26,27877.278571428575,28776.972400000002,27327.496999999996
1682553600000.0,28415.29,29890.0,28378.86,29472.77,95430.82431,2023-04-27,28052.867142857143,28829.008400000002,27482.8436
1682640000000.0,29472.77,29599.54,28891.0,29311.7,54298.16578,2023-04-28,28345.561428571433,28889.4764,27661.833199999997
1682726400000.0,29311.69,29448.88,29031.0,29230.45,20466.83058,2023-04-29,28547.504285714287,28932.075599999996,27843.428399999997
1682812800000.0,29230.45,29969.39,29079.59,29233.21,39752.5372,2023-04-30,28782.16285714286,28974.603600000002,28018.978000000003
1682899200000.0,29233.2,29337.34,27666.95,28068.26,64433.65958,2023-05-01,28861.78142857143,28975.981200000002,28140.401
1682985600000.0,28068.26,28879.88,27872.0,28669.86,50824.5224,2023-05-02,28914.505714285715,29006.5224,28231.528599999998
1683072000000.0,28669.85,29266.66,28113.69,29026.16,64615.79213,2023-05-03,29001.772857142852,29050.033600000002,28318.643600000003
1683158400000.0,29026.16,29379.83,28663.64,28838.16,42575.47501,2023-05-04,28911.114285714284,29070.6096,28409.6936
1683244800000.0,28838.16,29677.0,28800.0,29505.61,58415.83048,2023-05-05,28938.815714285713,29065.3404,28499.8302
1683331200000.0,29505.6,29820.0,28300.0,28848.2,49249.28459,2023-05-06,28884.208571428575,29011.251600000003,28528.891600000003
1683417600000.0,28848.19,29138.29,28395.23,28430.1,30003.41028,2023-05-07,28769.478571428568,28952.9328,28559.3438
1683504000000.0,28430.09,28631.01,27262.0,27668.79,68244.36179,2023-05-08,28712.411428571428,28844.7308,28553.262199999997
1683590400000.0,27668.8,27818.0,27353.0,27628.27,40113.31069,2023-05-09,28563.612857142853,28731.1844,28551.4874
1683676800000.0,27628.28,28331.42,26777.0,27598.75,71155.11355,2023-05-10,28359.697142857145,28623.330799999996,28541.353
1683763200000.0,27598.74,27630.14,26702.05,26968.62,47635.31365,2023-05-11,28092.620000000003,28489.8896,28535.705999999995
1683849600000.0,26968.61,27091.12,25811.46,26795.01,67207.93494,2023-05-12,27705.391428571427,28384.479199999998,28505.697999999997
1683936000000.0,26795.01,27045.45,26692.03,26775.28,22814.90421,2023-05-13,27409.26,28240.29,28492.1142
1684022400000.0,26775.27,27200.0,26560.53,26917.62,21594.8036,2023-05-14,27193.191428571427,28165.110800000002,28481.2076
1684108800000.0,26917.61,27663.59,26726.0,27162.14,40430.08333,2023-05-15,27120.812857142857,28121.8504,28465.0894
1684195200000.0,27162.15,27296.89,26852.11,27033.84,33270.45451,2023-05-16,27035.894285714287,28112.6904,28463.267999999996
1684281600000.0,27033.85,27500.0,26544.71,27405.61,42958.97785,2023-05-17,27008.302857142855,28096.240799999996,28466.158799999997
1684368000000.0,27405.62,27485.33,26361.2,26821.28,49198.65143,2023-05-18,26987.254285714287,28065.467999999997,28435.612399999998
1684454400000.0,26821.28,27183.6,26630.0,26880.26,28754.13544,2023-05-19,26999.432857142856,28040.2412,28412.646999999997
1684540800000.0,26880.26,27150.0,26825.11,27102.43,14434.54718,2023-05-20,27046.16857142857,27992.306800000002,28385.388400000003
1684627200000.0,27102.42,27277.55,26666.03,26747.78,21347.87279,2023-05-21,27021.905714285713,27925.606399999997,28351.289399999998
1684713600000.0,26747.78,27099.89,26538.21,26849.27,26458.83828,2023-05-22,26977.21,27820.6664,28324.837399999997
1684800000000.0,26849.28,27495.83,26798.11,27219.61,38700.83858,2023-05-23,27003.74857142857,27736.982799999998,28313.2296
1684886400000.0,27219.61,27219.61,26080.5,26329.01,54393.0657,2023-05-24,26849.948571428573,27620.9252,28276.5004
1684972800000.0,26329.0,26631.98,25871.89,26473.79,37435.44895,2023-05-25,26800.307142857146,27510.5484,28242.576
1685059200000.0,26473.8,26932.16,26327.24,26705.92,35061.18713,2023-05-26,26775.40142857143,27456.054799999998,28216.017999999996
1685145600000.0,26705.93,26895.0,26551.0,26854.27,15095.6867,2023-05-27,26739.95,27383.431199999995,28194.9768
1685232000000.0,26854.28,28261.32,26764.36,28065.0,43916.00855,2023-05-28,26928.124285714286,27344.984799999995,28197.5092
1685318400000.0,28065.01,28447.14,27524.6,27736.4,42385.41945,2023-05-29,27054.85714285714,27300.914399999998,28185.762
1685404800000.0,27736.39,28038.59,27554.0,27694.4,32686.75371,2023-05-30,27122.684285714287,27228.466,28146.903200000004
1685491200000.0,27694.39,27835.51,26839.01,27210.35,46588.80573,2023-05-31,27248.59,27162.951999999997,28087.101799999997
1685577600000.0,27210.36,27350.0,26605.05,26817.93,39217.8088,2023-06-01,27297.75285714286,27098.4652,28025.699000000004
1685664000000.0,26817.93,27300.0,26505.0,27242.59,36380.90269,2023-06-02,27374.420000000002,27081.417199999996,27963.074
1685750400000.0,27242.59,27333.29,26914.93,27069.22,16595.34117,2023-06-03,27405.127142857145,27059.0552,27895.1198
1685836800000.0,27069.22,27455.02,26951.0,27115.21,19258.41049,2023-06-04,27269.442857142858,27039.713600000003,27831.522200000003
1685923200000.0,27115.2,27129.33,25388.0,25728.2,65805.60305,2023-06-05,26982.557142857142,26990.096799999996,27739.993200000004
1686009600000.0,25728.2,27355.33,25351.02,27230.08,68392.60438,2023-06-06,26916.225714285712,27007.4996,27695.9894
1686096000000.0,27230.07,27391.77,26125.01,26339.34,59619.44364,2023-06-07,26791.795714285716,26990.062,27615.176
1686182400000.0,26339.34,26810.0,26210.0,26498.61,31075.51083,2023-06-08,26746.178571428572,26973.301600000003,27569.2062
1686268800000.0,26498.62,26783.33,26269.91,26477.81,27934.7097,2023-06-09,26636.924285714285,26945.928399999997,27533.8894
1686355200000.0,26477.8,26533.87,25358.0,25841.21,64944.60108,2023-06-10,26461.494285714285,26898.223200000004,27505.4568
1686441600000.0,25841.22,26206.88,25634.7,25925.55,30014.29595,2023-06-11,26291.54285714286,26839.020800000002,27467.630799999995
1686528000000.0,25925.54,26106.48,25602.11,25905.19,29900.50893,2023-06-12,26316.827142857142,26802.377200000003,27433.9226
1686614400000.0,25905.2,26433.21,25712.57,25934.25,41065.60853,2023-06-13,26131.708571428575,26764.5368,27402.389000000003
1686700800000.0,25934.24,26098.0,24820.56,25128.6,45077.31608,2023-06-14,25958.74571428571,26685.583599999998,27338.945200000002
1686787200000.0,25128.6,25759.01,24800.0,25598.49,48664.86063,2023-06-15,25830.157142857144,26639.612,27282.6092
1686873600000.0,25598.49,26518.0,25175.56,26345.0,51596.91662,2023-06-16,25811.184285714287,26619.4412,27220.053799999998
1686960000000.0,26345.01,26839.99,26181.0,26516.99,27842.2195,2023-06-17,25907.72428571429,26591.3364,27164.1596
1687046400000.0,26516.99,26700.0,26255.85,26339.97,21538.31022,2023-06-18,25966.92714285714,26591.7748,27106.35
1687132800000.0,26339.98,27068.09,26256.61,26844.35,35872.65974,2023-06-19,26101.092857142856,26606.597200000004,27058.572799999998
1687219200000.0,26844.35,28402.74,26652.0,28307.99,69666.95525,2023-06-20,26440.19857142857,26670.68,27063.3674
1687305600000.0,28308.0,30800.0,28257.99,29993.89,108926.40412,2023-06-21,27135.24,26796.264800000004,27089.848
1687392000000.0,29993.89,30500.0,29525.61,29884.92,59054.5646,2023-06-22,27747.58714285714,26869.0616,27107.023200000003
1687478400000.0,29884.92,31431.94,29800.0,30688.5,73931.89635,2023-06-23,28368.08714285714,26987.1456,27144.03
1687564800000.0,30688.51,30800.0,30250.0,30527.43,30513.30135,2023-06-24,28941.007142857143,27100.466800000002,27164.4664
1687651200000.0,30527.44,31046.01,30277.49,30462.66,30223.44801,2023-06-25,29529.962857142855,27230.5592,27196.755599999997
1687737600000.0,30462.67,30666.0,29930.0,30267.99,45180.41489,2023-06-26,30019.054285714286,27368.5616,27233.513400000003
1687824000000.0,30267.99,30994.97,30226.17,30692.44,42699.64157,2023-06-27,30359.690000000002,27506.5556,27293.9864
1687910400000.0,30692.44,30709.74,29858.8,30077.41,40463.51937,2023-06-28,30371.621428571427,27626.883200000004,27342.9692
1687996800000.0,30077.4,30843.98,30049.98,30447.31,36330.62903,2023-06-29,30451.96285714286,27760.167199999996,27399.9404
1688083200000.0,30447.31,31282.0,29500.0,30472.0,89419.07618,2023-06-30,30421.03428571429,27949.9192,27470.007999999998
1688169600000.0,30471.99,30661.6,30320.57,30585.9,17501.75075,2023-07-01,30429.38714285714,28084.152000000002,27545.825800000002
1688256000000.0,30585.9,30791.0,30155.0,30617.03,23286.41019,2023-07-02,30451.440000000002,28255.2596,27622.6608
1688342400000.0,30617.02,31380.0,30570.27,31156.2,43761.64311,2023-07-03,30578.32714285714,28441.563199999997,27707.432399999998
1688428800000.0,31156.2,31350.69,30620.0,30766.51,33206.11943,2023-07-04,30588.90857142857,28613.1112,27779.5198
1688515200000.0,30766.52,30878.07,30200.0,30504.81,33215.67122,2023-07-05,30649.965714285714,28799.6552,27848.9392
1688601600000.0,30504.8,31500.0,29850.45,29895.43,71319.6261,2023-07-06,30571.125714285714,28958.4504,27898.7356
1688688000000.0,29895.42,30449.0,29701.02,30344.7,34070.53895,2023-07-07,30552.94,29136.0308,27969.204000000005
1688774400000.0,30344.7,30386.81,30044.47,30284.63,13094.59042,2023-07-08,30509.90142857143,29310.046000000002,28037.291400000002
1688860800000.0,30284.63,30445.52,30061.12,30160.71,15388.50196,2023-07-09,30444.712857142855,29511.3304,28098.457
1688947200000.0,30160.71,31045.78,29950.0,30411.57,41262.87652,2023-07-10,30338.33714285714,29703.8536,28171.7328
1689033600000.0,30411.57,30813.63,30300.0,30622.1,28476.83311,2023-07-11,30317.707142857143,29874.9376,28247.189400000003
1689120000000.0,30622.1,30983.25,30210.0,30380.0,38108.99669,2023-07-12,30299.877142857145,30029.458000000002,28310.397200000003
1689206400000.0,30380.0,31804.2,30251.0,31454.23,70772.51836,2023-07-13,30522.562857142857,30234.028400000003,28412.9016
1689292800000.0,31454.23,31630.0,29900.0,30312.01,60749.48424,2023-07-14,30517.89285714286,30372.7348,28489.666
1689379200000.0,30312.0,30390.9,30200.0,30289.52,14118.55329,2023-07-15,30518.591428571428,30451.995999999996,28561.338
1689465600000.0,30289.52,30441.46,30064.29,30231.99,15760.1281,2023-07-16,30528.774285714288,30461.52,28628.8924
1689552000000.0,30232.0,30336.96,29659.2,30138.0,30882.76839,2023-07-17,30489.692857142858,30471.643200000002,28670.352400000003
1689638400000.0,30138.01,30239.78,29512.0,29859.13,30003.8601,2023-07-18,30380.697142857145,30438.4684,28712.807
1689724800000.0,29859.14,30189.09,29761.96,29909.21,25657.36137,2023-07-19,30313.441428571427,30413.7396,28757.103199999998
1689811200000.0,29909.21,30417.46,29570.96,29800.0,37540.68193,2023-07-20,30077.12285714286,30387.233200000002,28808.896200000003
1689897600000.0,29800.0,30061.7,29726.34,29901.72,23881.40865,2023-07-21,30018.510000000002,30372.5824,28870.571999999996
1689984000000.0,29901.72,29999.0,29625.1,29794.0,14660.40467,2023-07-22,29947.721428571433,30336.6448,28921.6002
1690070400000.0,29793.99,30350.0,29730.0,30083.75,18292.78637,2023-07-23,29926.544285714284,30336.8984,28981.8908
1690156800000.0,30083.75,30099.58,28861.9,29176.5,39628.99691,2023-07-24,29789.187142857143,30286.066000000003,29023.116599999998
1690243200000.0,29176.5,29376.0,29047.65,29228.91,21565.7478,2023-07-25,29699.155714285713,30236.3424,29093.1308
1690329600000.0,29228.91,29690.0,29096.94,29351.96,33931.63366,2023-07-26,29619.54857142857,30186.9848,29135.568400000004
1690416000000.0,29351.95,29567.49,29083.85,29222.78,22476.47626,2023-07-27,29537.088571428572,30131.2148,29193.237200000003
1690502400000.0,29222.78,29542.22,29123.12,29314.14,23993.61627,2023-07-28,29453.14857142857,30057.532400000004,29249.547799999997
1690588800000.0,29314.14,29406.92,29256.18,29352.9,10851.36844,2023-07-29,29390.134285714284,30000.988,29307.049600000006
1690675200000.0,29352.9,29449.0,29033.24,29281.09,15706.97441,2023-07-30,29275.46857142857,29952.0392,29375.847199999997
1690761600000.0,29281.09,29530.0,29101.8,29232.25,22605.48964,2023-07-31,29283.432857142856,29925.512000000002,29441.981200000002
1690848000000.0,29232.26,29739.25,28585.7,29705.99,44719.65162,2023-08-01,29351.58714285714,29899.9636,29517.997199999998
1690934400000.0,29705.99,30047.5,28927.5,29186.01,48181.65141,2023-08-02,29327.88,29856.018799999998,29583.032399999996
1691020800000.0,29186.0,29433.33,28968.0,29193.64,26476.91994,2023-08-03,29323.717142857142,29817.336,29664.333200000005
1691107200000.0,29193.65,29333.08,28807.54,29113.99,23551.95217,2023-08-04,29295.12428571429,29765.432800000002,29734.643200000002
1691193600000.0,29114.0,29152.23,28978.64,29072.13,11645.52018,2023-08-05,29255.014285714286,29703.433999999997,29789.1858
1691280000000.0,29072.13,29205.09,28991.88,29088.42,13178.1972,2023-08-06,29227.489999999998,29651.770799999995,29840.6144
1691366400000.0,29088.43,29276.78,28701.03,29211.06,30966.87746,2023-08-07,29224.462857142855,29562.043999999998,29898.036200000002
1691452800000.0,29211.06,30244.0,29146.45,29770.42,45700.53392,2023-08-08,29233.667142857146,29540.380400000002,29956.557600000004
1691539200000.0,29770.41,30160.0,29376.67,29581.99,38003.88725,2023-08-09,29290.235714285714,29512.079200000004,29982.037600000003
1691625600000.0,29581.99,29738.0,29320.2,29455.75,23463.45373,2023-08-10,29327.68,29481.029599999998,29971.2748
1691712000000.0,29455.76,29564.52,29252.45,29426.03,20637.0443,2023-08-11,29372.257142857143,29452.550799999997,29962.096999999998
1691798400000.0,29426.02,29481.35,29381.56,29430.17,8971.48068,2023-08-12,29423.405714285713,29435.392399999997,29936.9304
1691884800000.0,29430.18,29474.65,29272.32,29303.84,11101.70947,2023-08-13,29454.18,29411.1776,29912.458599999998
1691971200000.0,29303.85,29695.32,29102.45,29430.93,31443.11532,2023-08-14,29485.59,29396.4148,29891.824000000004
1692057600000.0,29430.92,29499.26,29059.6,29200.0,27503.87691,2023-08-15,29404.101428571426,29368.346,29870.4642
1692144000000.0,29200.01,29259.85,28723.08,28730.51,32996.69854,2023-08-16,29282.46142857143,29325.8064,29831.2256
1692230400000.0,28730.51,28783.48,25166.0,26623.41,100271.54033,2023-08-17,28877.84142857143,29187.3928,29762.1456
1692316800000.0,26623.41,26832.6,25619.0,26054.0,69790.65711,2023-08-18,28396.122857142855,29062.492800000004,29674.2794
1692403200000.0,26054.0,26281.0,25801.09,26100.01,26160.75343,2023-08-19,27920.385714285712,28937.336799999997,29586.8396
1692489600000.0,26100.01,26299.0,25971.05,26189.99,19056.91209,2023-08-20,27475.549999999996,28810.857999999997,29498.921400000003
1692576000000.0,26190.0,26258.42,25812.0,26126.92,30267.24233,2023-08-21,27003.54857142857,28687.0236,29409.1192
1692662400000.0,26126.92,26139.42,25300.0,26056.0,34247.06688,2023-08-22,26554.405714285713,28556.697999999997,29307.1152
1692748800000.0,26055.99,26819.27,25812.82,26432.72,44023.69978,2023-08-23,26226.149999999998,28439.890799999997,29220.4394
1692835200000.0,26432.71,26577.87,25864.0,26180.05,30205.22116,2023-08-24,26162.812857142857,28315.8492,29133.944199999998
1692921600000.0,26180.05,26314.05,25777.15,26060.01,27753.33772,2023-08-25,26163.67142857143,28188.9596,29057.235800000002
1693008000000.0,26060.0,26125.77,25985.92,26017.37,10022.22322,2023-08-26,26151.865714285716,28041.4148,28970.6892
1693094400000.0,26017.38,26182.23,25966.11,26101.77,12099.64216,2023-08-27,26139.26285714286,27918.0452,28887.032000000003
1693180800000.0,26101.78,26253.99,25864.5,26120.0,22692.62655,2023-08-28,26138.274285714284,27795.0996,28806.217800000002
1693267200000.0,26120.0,28142.85,25922.0,27716.34,74251.99488,2023-08-29,26375.465714285714,27739.1936,28752.313199999997
1693353600000.0,27716.34,27768.57,27017.24,27299.99,35448.25848,2023-08-30,26499.36142857143,27668.307999999997,28685.870999999996
1693440000000.0,27299.99,27587.51,25655.01,25940.78,51032.80401,2023-08-31,26465.18,27542.402400000003,28597.086599999995
1693526400000.0,25940.77,26156.0,25333.75,25805.05,41032.15056,2023-09-01,26428.757142857143,27406.161999999997,28484.103
1693612800000.0,25805.04,25987.5,25752.47,25869.51,16250.77698,2023-09-02,26407.634285714284,27250.125599999996,28395.252999999997
1693699200000.0,25869.52,26135.0,25800.0,25971.21,17474.47667,2023-09-03,26388.982857142855,27105.6944,28308.8868
1693785600000.0,25971.21,26108.02,25631.21,25826.02,21777.59609,2023-09-04,26346.985714285718,26960.5052,28220.767399999997
1693872000000.0,25826.03,25915.49,25562.62,25792.1,21323.39337,2023-09-05,26072.094285714284,26815.148,28133.8494
1693958400000.0,25792.11,26040.0,25372.51,25759.95,27262.52386,2023-09-06,25852.088571428572,26668.3392,28051.8658
1694044800000.0,25759.95,26443.14,25615.38,26255.0,27687.49567,2023-09-07,25896.977142857144,26546.3856,27978.781600000002
1694131200000.0,26255.0,26445.5,25647.26,25910.5,28999.76471,2023-09-08,25912.04142857143,26405.5684,27900.9916
1694217600000.0,25910.5,25945.09,25796.64,25901.61,10980.62277,2023-09-09,25916.627142857145,26273.6328,27820.9894
1694304000000.0,25901.6,26033.66,25570.57,25841.61,18738.26914,2023-09-10,25898.11285714286,26158.076799999995,27741.941600000002
1694390400000.0,25841.6,25900.69,24901.0,25162.52,41682.32,2023-09-11,25803.32714285714,26099.641200000002,27643.517000000003
1694476800000.0,25162.53,26567.0,25131.48,25840.1,56434.38537,2023-09-12,25810.184285714287,26091.0852,27576.789
1694563200000.0,25840.1,26405.22,25764.17,26222.0,31610.82753,2023-09-13,25876.191428571427,26095.9648,27516.650799999996
1694649600000.0,26222.0,26860.49,26126.77,26522.73,38333.1725,2023-09-14,25914.43857142857,26109.2744,27460.0662
1694736000000.0,26522.73,26888.0,26224.0,26600.0,26227.29369,2023-09-15,26012.93857142857,26128.197600000003,27407.6106
1694822400000.0,26599.99,26777.0,26445.0,26559.67,13960.93351,2023-09-16,26106.947142857145,26148.344399999998,27352.521200000003
1694908800000.0,26559.67,26623.25,26399.0,26527.51,12998.10277,2023-09-17,26204.932857142856,26152.136000000002,27296.0134
1694995200000.0,26527.5,27409.0,26377.35,26762.51,43000.43256,2023-09-18,26433.50285714286,26175.4344,27245.6418
1695081600000.0,26762.5,27483.57,26667.79,27210.26,36190.52187,2023-09-19,26629.239999999998,26221.4444,27205.202
1695168000000.0,27210.25,27388.63,26800.0,27125.0,34207.21867,2023-09-20,26758.239999999998,26265.7496,27153.5822
1695254400000.0,27125.01,27159.6,26377.7,26568.08,34476.82662,2023-09-21,26764.71857142857,26284.402,27101.223599999998
1695340800000.0,26568.08,26743.38,26468.77,26580.14,18198.2292,2023-09-22,26761.881428571425,26302.807599999996,27048.953599999997
1695427200000.0,26580.14,26632.81,26509.0,26575.96,9440.7026,2023-09-23,26764.20857142857,26257.192399999996,26998.193
1695513600000.0,26575.97,26738.54,26122.08,26248.38,15706.65771,2023-09-24,26724.332857142854,26215.127999999997,26941.717999999997
1695600000000.0,26248.39,26446.15,25990.46,26304.81,26266.2039,2023-09-25,26658.947142857145,26229.6892,26886.0458
1695686400000.0,26304.8,26397.46,26088.34,26221.67,18495.35066,2023-09-26,26517.72,26246.354000000003,26826.258
1695772800000.0,26221.68,26850.0,26112.06,26372.99,34771.57978,2023-09-27,26410.29,26266.493200000004,26758.3094
1695859200000.0,26373.0,27308.48,26342.4,27021.39,44517.83491,2023-09-28,26475.04857142857,26308.5004,26707.0974
1695945600000.0,27021.39,27244.89,26665.16,26906.96,28478.76219,2023-09-29,26521.737142857142,26351.737999999998,26656.1216
1696032000000.0,26906.96,27094.99,26886.31,26962.56,12804.62307,2023-09-30,26576.965714285714,26398.556399999998,26606.8522
1696118400000.0,26962.57,28065.51,26954.09,27992.57,24602.81468,2023-10-01,26826.135714285716,26487.8612,26578.1002
1696204800000.0,27992.58,28580.0,27281.44,27494.51,57071.14241,2023-10-02,26996.09285714286,26537.441600000002,26541.913600000003
1696291200000.0,27494.51,27676.52,27160.5,27426.46,28928.96555,2023-10-03,27168.205714285716,26598.08,26501.8242
1696377600000.0,27426.45,27839.72,27202.0,27778.57,29816.142,2023-10-04,27369.00285714286,26673.1584,26473.395599999996
1696464000000.0,27778.57,28120.39,27352.0,27410.39,30681.49619,2023-10-05,27424.574285714283,26735.9096,26446.993199999997
1696550400000.0,27410.39,28295.0,27175.94,27931.09,37983.24277,2023-10-06,27570.87857142857,26846.652400000003,26473.146800000002
1696636800000.0,27931.1,28029.67,27842.08,27956.67,13348.83825,2023-10-07,27712.894285714287,26931.3152,26511.2002
1696723200000.0,27956.67,28095.14,27687.5,27917.05,19693.56921,2023-10-08,27702.105714285713,26999.1172,26547.541
1696809600000.0,27917.06,27987.93,27260.0,27590.12,31534.74639,2023-10-09,27715.764285714282,27041.8128,26575.543599999997
1696896000000.0,27590.12,27735.0,27298.0,27390.12,22776.84383,2023-10-10,27710.572857142855,27073.417599999997,26600.807600000004
1696982400000.0,27390.12,27477.39,26538.66,26875.52,37349.44706,2023-10-11,27581.565714285716,27086.051600000003,26617.198000000004
1697068800000.0,26875.52,26947.04,26555.0,26759.63,23428.64112,2023-10-12,27488.600000000002,27095.3364,26623.7362
1697155200000.0,26759.63,27130.0,26685.0,26862.0,24115.76499,2023-10-13,27335.872857142855,27099.316000000003,26637.3752
1697241600000.0,26862.0,26989.58,26789.0,26852.48,10417.25576,2023-10-14,27178.131428571425,27085.0048,26653.2246
1697328000000.0,26852.48,27293.33,26808.25,27154.15,15274.6917,2023-10-15,27069.145714285714,27086.1708,26675.9602
1697414400000.0,27154.14,30000.0,27112.66,28500.78,78399.22445,2023-10-16,27199.239999999998,27163.478799999997,26723.940399999996
1697500800000.0,28500.77,28613.65,28069.32,28395.91,38428.44532,2023-10-17,27342.924285714285,27236.1096,26769.458599999998
1697587200000.0,28395.91,28982.36,28142.87,28320.0,32162.47591,2023-10-18,27549.278571428567,27305.8712,26781.5318
1697673600000.0,28320.0,28916.89,28100.66,28713.71,35895.50179,2023-10-19,27828.43285714286,27404.484400000005,26809.806200000003
1697760000000.0,28713.71,30207.55,28578.29,29669.04,59422.0992,2023-10-20,28229.43857142857,27539.0536,26884.3714
1697846400000.0,29669.05,30379.99,29464.77,29909.8,27517.51897,2023-10-21,28666.198571428573,27686.5788,26966.4664
1697932800000.0,29909.8,30248.0,29640.0,29992.46,22852.54563,2023-10-22,29071.67142857143,27831.3576,27048.9254
1698019200000.0,29992.46,34741.91,29883.6,33069.99,93513.64246,2023-10-23,29724.415714285715,28073.301599999995,27190.901
1698105600000.0,33069.99,35280.0,32832.34,33922.73,115265.02418,2023-10-24,30513.96142857143,28353.932399999998,27352.8352
1698192000000.0,33922.73,35132.85,33679.05,34496.05,54887.02529,2023-10-25,31396.254285714287,28655.272,27526.9142
1698278400000.0,34496.05,34824.13,33751.0,34151.66,39744.66255,2023-10-26,32173.104285714286,28901.6356,27694.748399999997
1698364800000.0,34151.66,34245.0,33390.95,33892.02,32330.40106,2023-10-27,32776.387142857144,29157.535999999996,27847.4888
1698451200000.0,33892.01,34493.33,33860.0,34081.0,16880.13144,2023-10-28,33372.27285714285,29423.717599999996,28010.8988
1698537600000.0,34081.01,34750.11,33930.0,34525.89,20685.52176,2023-10-29,34019.90571428571,29693.610399999994,28183.3844
1698624000000.0,34525.88,34856.0,34062.84,34474.73,33657.95976,2023-10-30,34220.58285714286,29976.184000000005,28356.0468
1698710400000.0,34474.74,34720.49,34025.0,34639.77,32737.89822,2023-10-31,34323.01714285714,30244.531199999998,28545.5918
1698796800000.0,34639.78,35582.0,34097.39,35421.43,53473.28165,2023-11-01,34455.21428571428,30543.121600000002,28737.2184
1698883200000.0,35421.43,35984.99,34300.0,34941.59,48015.57732,2023-11-02,34568.061428571425,30824.103199999998,28911.6102
1698969600000.0,34941.58,34946.5,34120.0,34716.78,39071.20644,2023-11-03,34685.88428571428,31109.1696,29075.491199999997
1699056000000.0,34716.78,35255.0,34585.18,35062.07,18377.55545,2023-11-04,34826.037142857145,31416.047599999998,29244.7326
1699142400000.0,35062.06,35380.0,34448.0,35011.88,24528.73376,2023-11-05,34895.46428571428,31741.501999999997,29413.776799999996
1699228800000.0,35011.89,35276.33,34725.9,35046.09,22346.47086,2023-11-06,34977.08714285714,32072.9604,29584.1484
1699315200000.0,35046.09,35888.0,34523.06,35399.12,38688.73692,2023-11-07,35085.565714285716,32414.445200000002,29756.8806
1699401600000.0,35399.13,36106.0,35100.0,35624.72,33401.34137,2023-11-08,35114.607142857145,32765.3348,29925.1698
1699488000000.0,35624.72,37972.24,35534.05,36701.09,82537.88885,2023-11-09,35365.96428571428,33147.2124,30116.6916
1699574400000.0,36701.1,37526.0,36324.71,37301.63,43414.04898,2023-11-10,35735.228571428575,33499.2464,30331.362600000004
1699660800000.0,37301.63,37408.26,36666.93,37130.0,22984.97235,2023-11-11,36030.647142857146,33848.61,30542.3598
1699747200000.0,37129.99,37222.22,36731.1,37064.13,17687.18874,2023-11-12,36323.82571428571,34198.3752,30752.123199999998
1699833600000.0,37064.13,37417.99,36333.0,36462.93,32798.18252,2023-11-13,36526.23142857143,34508.344,30956.414200000003
1699920000000.0,36462.93,36744.0,34800.0,35551.19,45503.68416,2023-11-14,36547.955714285716,34743.63,31141.341800000002
1700006400000.0,35551.2,37980.0,35360.0,37858.2,53569.13385,2023-11-15,36867.02428571428,35061.566,31374.072399999997
1700092800000.0,37858.2,37929.54,35500.0,36163.51,47490.39566,2023-11-16,36790.22714285714,35308.407999999996,31569.8828
1700179200000.0,36163.51,36800.0,35861.1,36613.92,38283.61112,2023-11-17,36691.98285714286,35450.1652,31761.733399999997
1700265600000.0,36613.91,36845.49,36178.58,36568.1,17102.24186,2023-11-18,36611.71142857143,35555.98,31954.9562
1700352000000.0,36568.11,37500.0,36384.02,37359.86,21246.34648,2023-11-19,36653.95857142857,35670.5324,32162.902199999997
1700438400000.0,37359.85,37750.0,36677.0,37448.78,36022.70291,2023-11-20,36794.794285714284,35802.417199999996,32352.026399999995
1700524800000.0,37448.79,37649.44,35735.0,35741.65,47646.54804,2023-11-21,36822.002857142856,35876.4024,32516.9692
1700611200000.0,35741.65,37861.1,35632.01,37408.34,45051.30697,2023-11-22,36757.73714285714,36009.496,32716.606799999998
1700697600000.0,37408.35,37653.44,36870.0,37294.28,23827.92882,2023-11-23,36919.275714285715,36120.2316,32906.921
1700784000000.0,37294.27,38414.0,37251.51,37713.57,44680.80646,2023-11-24,37076.368571428575,36249.7852,33112.984599999996
1700870400000.0,37713.57,37888.0,37591.1,37780.67,11396.14464,2023-11-25,37249.59285714286,36375.421200000004,33309.9762
1700956800000.0,37780.67,37814.63,37150.0,37447.43,21264.53723,2023-11-26,37262.102857142854,36456.4612,33499.791399999995
1701043200000.0,37447.42,37569.23,36707.0,37242.7,30001.07376,2023-11-27,37232.66285714285,36548.505600000004,33686.3044
1701129600000.0,37242.7,38377.0,36868.41,37818.87,37544.46667,2023-11-28,37529.40857142857,36672.5892,33890.8794
1701216000000.0,37818.88,38450.0,37570.0,37854.64,32994.19107,2023-11-29,37593.16571428571,36784.292,34100.1698
1701302400000.0,37854.65,38145.85,37500.0,37723.96,24740.29147,2023-11-30,37654.54857142857,36892.775200000004,34317.1386
1701388800000.0,37723.97,38999.0,37615.86,38682.52,43415.66324,2023-12-01,37792.969999999994,37038.2324,34555.5964
1701475200000.0,38682.51,39717.14,38641.61,39450.35,26696.92161,2023-12-02,38031.49571428571,37200.281599999995,34807.3634
1701561600000.0,39450.35,40250.0,39274.86,39972.26,26710.65335,2023-12-03,38392.18571428571,37374.1832,35069.759
1701648000000.0,39972.26,42420.0,39972.26,41991.1,79272.33059,2023-12-04,39070.52857142857,37585.783599999995,35366.498
1701734400000.0,41991.1,44488.0,41414.0,44073.32,67490.74644,2023-12-05,39964.02142857143,37856.6512,35677.948800000006
1701820800000.0,44073.82,44297.21,43335.28,43762.69,51431.10492,2023-12-06,40808.02857142857,38121.9588,35985.2844
1701907200000.0,43762.69,44047.33,42821.1,43273.14,47103.26845,2023-12-07,41600.76857142857,38370.3192,36284.3472
1701993600000.0,43273.15,44700.0,43081.1,44170.99,42900.37556,2023-12-08,42384.83571428571,38678.641599999995,36593.4928
1702080000000.0,44171.0,44358.02,43584.51,43713.6,24925.97008,2023-12-09,42993.87142857142,39005.138,36874.384
1702166400000.0,43713.59,44049.0,43563.0,43789.51,18956.61758,2023-12-10,43539.19285714285,39242.390400000004,37151.9782
1702252800000.0,43789.5,43804.5,40222.0,41253.4,76663.89804,2023-12-11,43433.80714285715,39445.986000000004,37377.197
1702339200000.0,41253.41,42104.12,40680.0,41492.39,42722.69773,2023-12-12,43065.10285714286,39641.1248,37545.645
1702425600000.0,41492.38,43475.2,40555.0,42869.03,45865.99773,2023-12-13,42937.43714285714,39893.162000000004,37724.571
1702512000000.0,42869.03,43420.0,41400.0,43022.26,42047.05709,2023-12-14,42901.59714285714,40119.658,37895.0952
1702598400000.0,43022.26,43080.81,41666.0,41940.3,33421.7932,2023-12-15,42582.927142857145,40299.3188,38050.867999999995
1702684800000.0,41940.29,42724.43,41605.0,42278.03,24118.85747,2023-12-16,42377.845714285715,40560.774,38218.5882
1702771200000.0,42278.02,42424.07,41252.0,41374.65,27722.11452,2023-12-17,42032.86571428571,40719.426400000004,38364.4612
1702857600000.0,41374.64,42757.81,40542.93,42657.8,46734.0925,2023-12-18,42233.49428571429,40933.9672,38527.0994
1702944000000.0,42657.8,43497.0,41811.1,42275.99,40927.86444,2023-12-19,42345.43714285714,41116.46400000001,38683.1246
1703030400000.0,42275.99,44283.0,42206.0,43668.93,48710.2947,2023-12-20,42459.70857142857,41351.994399999996,38863.707800000004
1703116800000.0,43668.92,44242.35,43286.72,43861.8,34624.29384,2023-12-21,42579.642857142855,41608.5692,39032.5152
1703203200000.0,43861.79,44398.26,43412.54,43969.04,32783.19638,2023-12-22,42869.462857142855,41877.6228,39213.0642
1703289600000.0,43969.04,43988.68,43291.1,43702.16,16557.1293,2023-12-23,43072.909999999996,42112.9544,39392.7718
1703376000000.0,43702.15,43946.0,42500.0,42991.5,25144.33496,2023-12-24,43303.888571428564,42318.4288,39551.3604
1703462400000.0,42991.5,43802.32,42720.43,43576.13,27021.23992,2023-12-25,43435.07857142857,42552.515600000006,39722.6454
1703548800000.0,43576.12,43592.68,41637.6,42508.93,41010.04282,2023-12-26,43468.35571428571,42705.572,39871.902200000004
1703635200000.0,42508.93,43677.0,42098.69,43428.85,36191.21136,2023-12-27,43434.05857142857,42864.712,40032.49679999999
1703721600000.0,43428.86,43787.57,42241.79,42563.76,35150.52485,2023-12-28,43248.624285714286,42968.372,40171.2776
1703808000000.0,42563.76,43111.0,41300.0,42066.95,42597.18912,2023-12-29,42976.897142857146,42971.406,40278.5948
1703894400000.0,42066.94,42612.32,41520.3,42140.28,22906.57818,2023-12-30,42753.77142857143,42894.08439999999,40375.3678
1703980800000.0,42140.29,42899.0,41965.84,42283.58,23585.91603,2023-12-31,42652.64,42834.92,40478.4394
1704067200000.0,42283.58,44184.1,42180.77,44179.55,27174.29903,2024-01-01,42738.84285714286,42871.1764,40620.747800000005
1704153600000.0,44179.55,45879.63,44148.34,44946.91,65146.40661,2024-01-02,43087.125714285714,42902.213200000006,40790.4274
1704240000000.0,44946.91,45500.0,40750.0,42845.23,81194.55173,2024-01-03,43003.75142857143,42867.4784,40936.3082
1704326400000.0,42845.23,44729.58,42613.77,44151.1,48038.06334,2024-01-04,43230.514285714286,42881.942,41062.1662
1704412800000.0,44151.1,44357.46,42450.0,44145.11,48075.25327,2024-01-05,43527.39428571429,42997.6104,41221.7982
1704499200000.0,44145.12,44214.42,43397.05,43968.32,17835.06144,2024-01-06,43788.54285714286,43096.6476,41368.8862
1704585600000.0,43968.32,44480.59,43572.09,43929.02,23023.8508,2024-01-07,44023.60571428571,43139.0472,41516.1046
1704672000000.0,43929.01,47248.99,43175.0,46951.04,72814.57589,2024-01-08,44419.532857142854,43296.1984,41707.9282
1704758400000.0,46951.04,47972.0,44748.67,46110.0,69927.66617,2024-01-09,44585.688571428575,43462.98640000001,41881.1526
1704844800000.0,46110.0,47695.93,44300.36,46653.99,89911.41203,2024-01-10,45129.79714285715,43638.02480000001,42099.399399999995
1704931200000.0,46654.0,48969.48,45606.06,46339.16,87470.3296,2024-01-11,45442.37714285714,43836.605200000005,42278.0158
1705017600000.0,46339.16,46515.53,41500.0,42782.73,86327.93707,2024-01-12,45247.75142857143,43841.6024,42387.7848
1705104000000.0,42782.74,43257.0,42436.12,42847.99,36118.47464,2024-01-13,45087.70428571429,43864.4824,42490.4732
1705190400000.0,42847.99,43079.0,41720.0,41732.35,28228.40894,2024-01-14,44773.89428571429,43787.0192,42569.506799999996
1705276800000.0,41732.35,43400.43,41718.05,42511.1,40269.89303,2024-01-15,44139.61714285715,43732.991200000004,42670.780199999994
1705363200000.0,42511.1,43578.01,42050.0,43137.95,45045.74589,2024-01-16,43715.03857142857,43699.747599999995,42788.68519999999
1705449600000.0,43137.94,43198.0,42200.69,42776.1,33266.21388,2024-01-17,43161.05428571429,43662.7052,42887.82979999999
1705536000000.0,42776.09,42930.0,40683.28,41327.5,43907.51641,2024-01-18,42445.102857142854,43596.1452,42957.287000000004
1705622400000.0,41327.51,42196.86,40280.0,41659.03,48342.74559,2024-01-19,42284.57428571428,43519.4612,43035.98840000001
1705708800000.0,41659.03,41872.56,41456.3,41696.04,15923.99493,2024-01-20,42120.01,43486.9456,43096.25880000001
1705795200000.0,41696.05,41881.39,41500.98,41580.33,11730.16301,2024-01-21,42098.29285714286,43413.004799999995,43138.8584
1705881600000.0,41580.32,41689.65,39431.58,39568.02,55426.19911,2024-01-22,41677.85285714286,43293.1752,43130.77359999999
1705968000000.0,39568.02,40176.74,38555.0,39897.6,57956.63351,2024-01-23,41214.94571428571,43206.4012,43088.903600000005
1706054400000.0,39897.59,40555.0,39484.19,40084.88,39293.82861,2024-01-24,40830.48571428571,43124.18519999999,43009.13479999999
1706140800000.0,40084.89,40300.24,39550.0,39961.09,31022.11853,2024-01-25,40635.28428571428,43031.2856,42933.1028
1706227200000.0,39961.09,42246.82,39822.52,41823.51,47384.96726,2024-01-26,40658.78142857143,42937.044,42904.110199999996
1706313600000.0,41823.51,42200.0,41394.34,42120.63,16224.41667,2024-01-27,40719.43714285714,42823.99279999999,42863.102999999996
1706400000000.0,42120.63,42842.68,41620.81,42031.06,27294.99838,2024-01-28,40783.82714285714,42791.426,42829.4522
1706486400000.0,42031.05,43333.0,41804.88,43302.7,31542.74207,2024-01-29,41317.352857142854,42757.49,42819.71600000001
1706572800000.0,43302.71,43882.36,42683.99,42941.1,37619.24546,2024-01-30,41752.138571428564,42709.3296,42853.47
1706659200000.0,42941.1,43745.11,42276.84,42580.0,39871.13688,2024-01-31,42108.58428571428,42653.7968,42875.222200000004
1706745600000.0,42580.0,43285.13,41884.28,43082.94,35231.04664,2024-02-01,42554.56285714286,42619.9536,42879.5004
1706832000000.0,43082.95,43488.0,42546.79,43200.0,29672.14418,2024-02-02,42751.20428571429,42469.912000000004,42883.0552
1706918400000.0,43199.99,43380.01,42880.0,43011.09,12033.40998,2024-02-03,42878.41285714286,42345.955599999994,42904.471
1707004800000.0,43011.1,43119.04,42222.0,42582.88,17066.89404,2024-02-04,42957.24428571429,42183.1112,42910.568
1707091200000.0,42582.88,43569.76,42258.1,42708.7,29467.75905,2024-02-05,42872.38714285714,42037.8928,42937.249
1707177600000.0,42708.7,43399.98,42574.0,43098.95,24675.85433,2024-02-06,42894.93714285714,42050.541600000004,42946.07199999999
1707264000000.0,43098.96,44396.5,42788.0,44349.6,34392.59915,2024-02-07,43147.73714285715,42110.606,42987.5442
1707350400000.0,44349.6,45614.3,44331.1,45288.65,45439.62231,2024-02-08,43462.83857142857,42252.858,43019.938599999994
1707436800000.0,45288.66,48200.0,45242.12,47132.77,73503.481,2024-02-09,44024.66285714286,42437.724799999996,43085.358
1707523200000.0,47132.78,48170.0,46800.0,47751.09,24802.35936,2024-02-10,44701.80571428571,42622.2504,43160.999
1707609600000.0,47751.08,48592.66,47557.16,48299.99,29958.80837,2024-02-11,45518.5357142857,42843.206,43252.955599999994
1707696000000.0,48300.0,50334.82,47710.01,49917.27,59009.96705,2024-02-12,46548.33142857143,43186.7968,43391.471
1707782400000.0,49917.28,50368.61,48300.95,49699.59,55551.56706,2024-02-13,47491.27999999999,43508.4192,43513.940200000005
1707868800000.0,49699.6,52043.71,49225.01,51795.17,57046.37401,2024-02-14,48554.93285714286,43912.384399999995,43699.665
1707955200000.0,51795.17,52816.62,51314.0,51880.0,53816.03055,2024-02-15,49496.55428571429,44324.3712,43868.687999999995
1708041600000.0,51880.01,52572.08,51566.0,52124.11,37772.25318,2024-02-16,50209.602857142854,44826.6148,44059.895
1708128000000.0,52124.1,52162.82,50625.0,51642.64,25674.00622,2024-02-17,50765.53857142857,45296.416399999995,44251.4088
1708214400000.0,51642.64,52377.0,51163.28,52137.67,21992.10363,2024-02-18,51313.77857142857,45778.528,44451.3566
1708300800000.0,52137.68,52488.77,51677.0,51774.73,29534.99432,2024-02-19,51579.13,46251.0736,44641.1796
1708387200000.0,51774.74,52985.0,50760.37,52258.82,49614.47318,2024-02-20,51944.73428571428,46668.486,44802.765
1708473600000.0,52258.82,52366.8,50625.0,51849.39,43079.40049,2024-02-21,51952.479999999996,47057.6364,44940.8146
1708560000000.0,51849.38,52065.78,50940.78,51288.42,35309.44574,2024-02-22,51867.968571428566,47427.9308,45109.6784
1708646400000.0,51288.42,51548.54,50521.0,50744.15,30545.79544,2024-02-23,51670.83142857143,47725.5888,45241.539399999994
1708732800000.0,50744.15,51698.0,50585.0,51568.22,16560.4211,2024-02-24,51660.2,48070.6736,45390.0016
1708819200000.0,51568.21,51958.55,51279.8,51728.85,18721.63159,2024-02-25,51601.79714285715,48436.6276,45545.212199999994
1708905600000.0,51728.85,54910.0,50901.44,54476.47,51256.72199,2024-02-26,51987.76,48892.3688,45756.1612
1708992000000.0,54476.48,57588.15,54450.13,57037.34,67194.98562,2024-02-27,52670.40571428572,49445.862400000005,45957.887200000005
1709078400000.0,57037.35,64000.0,56691.85,62432.1,118763.46984,2024-02-28,54182.22142857143,50222.70279999999,46284.3292
1709164800000.0,62432.11,63676.35,60364.7,61130.98,78425.07603,2024-02-29,55588.30142857142,50964.626800000005,46573.86899999999
1709251200000.0,61130.99,63114.23,60777.0,62387.9,47737.93473,2024-03-01,57251.694285714286,51751.794799999996,46894.8438
1709337600000.0,62387.9,62433.19,61561.12,61987.28,25534.73659,2024-03-02,58740.13142857143,52507.328,47278.934799999995
1709424000000.0,61987.28,63231.88,61320.0,63113.97,28994.90903,2024-03-03,60366.57714285714,53257.9028,47684.254400000005
1709510400000.0,63113.97,68499.0,62300.0,68245.71,84835.16005,2024-03-04,62333.611428571436,54176.18519999999,48214.5216
1709596800000.0,68245.71,69000.0,59005.0,63724.01,132696.7813,2024-03-05,63288.85,54839.8348,48638.7798
1709683200000.0,63724.01,67641.1,62779.14,66074.04,78738.85491,2024-03-06,63809.12714285714,55572.7528,49097.5016
1709769600000.0,66074.04,67980.0,65551.0,66823.17,53059.8869,2024-03-07,64622.29714285715,56313.68,49578.443
1709856000000.0,66823.18,69990.0,66082.66,68124.19,74261.932842,2024-03-08,65441.76714285714,57041.9568,50114.3768
1709942400000.0,68124.2,68541.1,67861.1,68313.27,19872.89743,2024-03-09,66345.48,57786.50399999999,50647.461599999995
1710028800000.0,68313.28,69887.61,68094.75,68955.88,38404.66835,2024-03-10,67180.03857142858,58472.932400000005,51192.65840000001
1710115200000.0,68955.88,72800.0,67024.96,72078.1,75292.825726,2024-03-11,67727.52285714286,59280.856400000004,51802.6138
1710201600000.0,72078.1,73000.0,68620.82,71452.01,68783.546691,2024-03-12,68831.52285714286,60053.97239999999,52440.293600000005
1710288000000.0,71452.0,73650.25,71333.31,73072.41,52659.711647,2024-03-13,69831.29000000001,60911.1632,53103.789800000006
1710374400000.0,73072.4,73777.0,68555.0,71388.94,71757.628746,2024-03-14,70483.54285714286,61681.21400000001,53729.87100000001
1710460800000.0,71388.94,72419.71,65600.0,69499.85,103334.03546,2024-03-15,70680.06571428572,62390.2188,54320.64619999999
1710547200000.0,69499.84,70043.0,64780.0,65300.63,55926.95336,2024-03-16,70249.68857142857,62911.8912,54790.1886
1710633600000.0,65300.64,68904.4,64533.0,68393.48,49742.21589,2024-03-17,70169.34571428572,63573.6548,55315.6456
1710720000000.0,68393.47,68956.0,66565.2,67609.99,55691.08088,2024-03-18,69531.04428571429,64226.5176,55827.2242
1710806400000.0,67610.0,68124.11,61555.0,61937.4,101005.32487,2024-03-19,68171.81428571428,64674.24760000001,56199.91819999999
1710892800000.0,61937.41,68100.0,60775.0,67840.51,90420.58592,2024-03-20,67424.4,65325.1392,56697.9064
1710979200000.0,67840.51,68240.47,64529.01,65501.27,53357.48002,2024-03-21,66583.30428571429,65876.03600000001,57156.3318
1711065600000.0,65501.28,66649.62,62260.0,63796.64,51482.37821,2024-03-22,65768.56,66248.8428,57570.6058
1711152000000.0,63796.64,65999.0,63000.0,63990.01,26410.11409,2024-03-23,65581.32857142857,66526.94959999999,57986.405999999995
1711238400000.0,63990.02,67628.69,63772.29,67209.99,31395.78015,2024-03-24,65412.25857142856,66718.06520000001,58470.384000000005
1711324800000.0,67210.0,71150.0,66385.06,69880.01,53431.14486,2024-03-25,65736.54714285713,67068.0264,59016.3266
1711411200000.0,69880.0,71561.1,69280.0,69988.0,38934.38417,2024-03-26,66886.63285714286,67372.0304,59561.912599999996
1711497600000.0,69987.99,71769.54,68359.18,69469.99,49119.35685,2024-03-27,67119.41571428571,67671.3388,60089.33340000001
1711584000000.0,69469.99,71552.06,68903.62,70780.6,35439.03239,2024-03-28,67873.60571428572,67978.004,60617.9534
1711670400000.0,70780.6,70916.16,69009.0,69850.54,25445.08353,2024-03-29,68738.44857142857,68042.1972,61109.1912
1711756800000.0,69850.53,70321.1,69540.0,69582.18,13644.61142,2024-03-30,69537.33,68276.524,61558.1794
1711843200000.0,69582.17,71366.0,69562.99,71280.01,19396.34433,2024-03-31,70118.76142857142,68484.7628,62028.75779999999
1711929600000.0,71280.0,71288.23,68062.86,69649.8,41445.32039,2024-04-01,70085.87428571428,68597.828,62455.754
1712016000000.0,69649.81,69674.23,64550.0,65463.99,71799.82793,2024-04-02,69439.58714285714,68491.42,62766.6884
1712102400000.0,65463.99,66903.63,64493.07,65963.28,39887.21778,2024-04-03,68938.62857142858,68397.4204,63091.962199999994
1712188800000.0,65963.27,69309.91,65064.52,68487.79,41510.48453,2024-04-04,68611.08428571429,68378.69679999999,63425.8146
1712275200000.0,68487.8,68756.67,65952.56,67820.62,37915.23073,2024-04-05,68321.09571428571,68208.3976,63744.62699999999
1712361600000.0,67820.63,69692.0,67447.83,68896.0,20134.28919,2024-04-06,68223.06999999999,68106.1572,64080.06479999999
1712448000000.0,68896.0,70326.29,68824.0,69360.39,21534.74433,2024-04-07,67948.83857142857,67957.6764,64434.419799999996
1712534400000.0,69360.38,72797.99,69043.24,71620.0,45723.87624,2024-04-08,68230.29571428572,67966.9188,64824.066399999996
1712620800000.0,71620.0,71758.19,68210.0,69146.0,39293.90242,2024-04-09,68756.29714285715,67952.76479999999,65171.491799999996
1712707200000.0,69146.0,71172.08,67518.0,70631.08,42006.02377,2024-04-10,69423.12571428572,68165.9828,65538.937
1712793600000.0,70631.08,71305.89,69567.21,70006.23,31917.25595,2024-04-11,69640.04571428572,68230.4928,65902.0738
1712880000000.0,70006.22,71227.46,65086.86,67116.52,56072.86229,2024-04-12,69539.46,68210.754,66218.6358
1712966400000.0,67116.52,67929.0,60660.57,63924.51,71395.22019,2024-04-13,68829.24714285714,68290.2384,66482.243
1713052800000.0,63924.52,65840.0,62134.0,65661.84,61599.17818,2024-04-14,68300.88285714286,68203.09159999999,66764.1154
1713139200000.0,65661.85,66867.07,62274.4,63419.99,52389.53069,2024-04-15,67129.45285714285,68119.84039999999,66997.93819999999
1713225600000.0,63419.99,64365.0,61600.0,63793.39,53435.29331,2024-04-16,66364.79428571429,68119.7104,67184.2766
1713312000000.0,63793.4,64499.0,59678.16,61277.37,50610.54509,2024-04-17,65028.549999999996,68011.20479999999,67269.0772
1713398400000.0,61277.38,64117.09,60803.35,63470.08,43601.60918,2024-04-18,64094.81428571429,67861.6084,67289.8368
1713484800000.0,63470.09,65450.0,59600.01,63818.01,69774.30271,2024-04-19,63623.59857142857,67619.1284,67343.57740000001
1713571200000.0,63818.01,65419.0,63090.07,64940.59,23137.42975,2024-04-20,63768.75285714285,67417.232,67394.63119999999
1713657600000.0,64940.58,65695.56,64237.5,64941.15,19316.42152,2024-04-21,63665.79714285715,67236.0784,67453.7086
1713744000000.0,64941.15,67232.35,64500.0,66819.32,31397.99371,2024-04-22,64151.41571428572,67077.6272,67527.8156
1713830400000.0,66819.32,67183.01,65765.81,66414.0,22599.90004,2024-04-23,64525.78857142857,66940.16560000001,67491.1814
1713916800000.0,66414.0,67070.43,63606.06,64289.59,33595.69637,2024-04-24,64956.10571428571,66728.462,67502.493
1714003200000.0,64289.58,65297.94,62794.0,64498.34,31341.46338,2024-04-25,65103.0,66457.1952,67470.979
1714089600000.0,64498.33,64820.01,63297.48,63770.01,27085.19346,2024-04-26,65096.142857142855,66222.0036,67409.9158
1714176000000.0,63770.0,63923.41,62391.24,63461.98,20933.06052,2024-04-27,64884.91285714286,66141.9232,67316.6716
1714262400000.0,63461.98,64370.0,62781.0,63118.62,16949.20005,2024-04-28,64624.55142857142,66028.13680000001,67212.7786
1714348800000.0,63118.62,64228.35,61765.53,63866.0,28150.22947,2024-04-29,64202.648571428566,65843.26520000001,67110.981
1714435200000.0,63866.0,64734.0,59191.6,60672.0,54947.65535,2024-04-30,63382.362857142856,65557.3204,66882.859
1714521600000.0,60672.01,60841.63,56552.82,58364.97,81166.46823,2024-05-01,62535.98857142858,65136.0792,66621.1182
1714608000000.0,58364.97,59625.0,56911.84,59060.61,47583.81961,2024-05-02,61759.17,64724.087999999996,66340.8822
1714694400000.0,59060.6,63333.0,58811.32,62882.01,43628.40143,2024-05-03,61632.31285714286,64374.5684,66170.74359999999
1714780800000.0,62882.01,64540.0,62541.03,63892.04,24368.69282,2024-05-04,61693.75,64164.41,66058.5874
1714867200000.0,63892.03,64646.0,62822.17,64012.0,18526.75029,2024-05-05,61821.375714285714,63899.646799999995,66032.8148
1714953600000.0,64012.0,65500.0,62700.0,63165.19,34674.91949,2024-05-06,61721.26,63626.00519999999,65928.249
1715040000000.0,63165.18,64422.41,62261.0,62312.08,25598.79472,2024-05-07,61955.55714285715,63433.8276,65822.2908
1715126400000.0,62312.07,63020.22,60888.0,61193.03,26121.19004,2024-05-08,62359.56571428571,63324.5684,65807.40340000001
1715212800000.0,61193.03,63429.03,60630.0,63074.01,30660.8061,2024-05-09,62932.90857142857,63221.0552,65712.0734
1715299200000.0,63074.0,63469.13,60187.12,60799.99,36529.34025,2024-05-10,62635.47714285714,63116.25520000001,65618.0478
1715385600000.0,60799.99,61515.0,60487.09,60825.99,13374.56936,2024-05-11,62197.47000000001,62997.559199999996,65558.6348
1715472000000.0,60825.99,61888.0,60610.0,61483.99,12753.13236,2024-05-12,61836.32571428572,63005.824,65508.51440000001
1715558400000.0,61484.0,63450.0,60749.21,62940.08,32733.41839,2024-05-13,61804.16714285714,62984.624,65423.11619999999
1715644800000.0,62940.09,63118.36,61142.77,61577.49,29088.72041,2024-05-14,61699.225714285705,62895.00320000001,65257.065800000004
1715731200000.0,61577.49,66444.16,61319.47,66206.5,43559.74719,2024-05-15,62415.43571428572,62945.6396,65181.4358
1715817600000.0,66206.51,66752.01,64602.77,65235.21,31106.3671,2024-05-16,62724.17857142857,62957.402,65096.74019999999
1715904000000.0,65235.21,67451.2,65106.38,67024.0,26292.23409,2024-05-17,63613.322857142855,62965.5892,65021.6082
1715990400000.0,67024.0,67400.01,66600.0,66915.2,14441.25774,2024-05-18,64483.21000000001,62985.6372,64962.9014
1716076800000.0,66915.2,67700.0,65857.25,66274.01,18025.30409,2024-05-19,65167.49857142857,63065.014,64896.738
1716163200000.0,66274.0,71515.56,66060.31,71446.62,50816.7011,2024-05-20,66382.71857142857,63342.945199999995,64900.0702
1716249600000.0,71446.62,71979.0,69162.94,70148.34,49607.4336,2024-05-21,67607.12571428572,63598.0784,64910.041
1716336000000.0,70148.34,70666.0,68842.19,69166.62,27673.18026,2024-05-22,68030.0,63826.264,64984.0936
1716422400000.0,69166.62,70096.12,66312.16,67969.65,40513.17374,2024-05-23,68420.63428571427,64020.305199999995,65024.221
1716508800000.0,67969.66,69250.0,66600.12,68549.99,28095.83664,2024-05-24,68638.63285714286,64207.6648,65025.465
1716595200000.0,68549.99,69610.0,68500.0,69290.57,12130.39418,2024-05-25,68977.97142857143,64552.4076,65054.864
1716681600000.0,69290.56,69562.23,68128.01,68507.67,11872.11797,2024-05-26,69297.06571428572,64958.1156,65047.0974
1716768000000.0,68507.67,70687.56,68250.0,69436.43,23136.92737,2024-05-27,69009.89571428571,65373.1484,65048.618200000004
1716854400000.0,69436.43,69591.81,67277.91,68398.39,32622.97042,2024-05-28,68759.90285714286,65593.8036,64984.18600000001
1716940800000.0,68398.4,68935.68,67124.65,67652.42,23159.83149,2024-05-29,68543.58857142857,65744.2188,64954.3144
1717027200000.0,67652.41,69500.0,67128.0,68352.17,28478.2184,2024-05-30,68598.23428571428,65917.8256,64908.7362
1717113600000.0,68352.17,69044.1,66670.0,67540.01,26690.32184,2024-05-31,68453.95142857142,66092.8184,64859.411799999994
1717200000000.0,67540.01,67900.0,67428.44,67766.85,8837.66133,2024-06-01,68236.27714285713,66311.0092,64872.418399999995
1717286400000.0,67766.84,68460.0,67257.47,67765.63,15426.32529,2024-06-02,68130.27142857143,66573.91320000001,64949.24079999999
1717372800000.0,67765.62,70288.0,67612.48,68809.9,29633.374,2024-06-03,68040.76714285715,66803.34879999999,65012.202000000005
1717459200000.0,68809.89,71063.45,68567.32,70537.84,29619.78489,2024-06-04,68346.40285714285,67192.86279999999,65154.559
1717545600000.0,70537.83,71758.0,70383.66,71108.0,28703.18082,2024-06-05,68840.05714285714,67604.1432,65300.851200000005
1717632000000.0,71108.0,71700.0,70117.64,70799.06,21842.00449,2024-06-06,69189.61285714286,67976.746,65491.285
1717718400000.0,70799.06,71997.02,68420.0,69355.6,35598.45045,2024-06-07,69448.98285714285,68233.3668,65608.9954
1717804800000.0,69355.6,69582.2,69168.02,69310.46,9773.82967,2024-06-08,69669.49857142857,68542.6856,65718.8444
1717891200000.0,69310.46,69857.14,69130.24,69648.14,9890.56709,2024-06-09,69938.42857142857,68680.35119999999,65812.9954
1717977600000.0,69648.15,70195.94,69172.29,69540.0,17122.66941,2024-06-10,70042.72857142857,68852.5428,65904.9724
1718064000000.0,69540.0,69590.01,66051.0,67314.24,41436.01588,2024-06-11,69582.21428571429,68864.1524,65914.8708
1718150400000.0,67314.23,69999.0,66905.0,68263.99,37175.32356,2024-06-12,69175.92714285714,68918.104,65951.8706
1718236800000.0,68263.98,68449.3,66251.78,66773.01,29079.55571,2024-06-13,68600.77714285716,68938.064,66001.539
1718323200000.0,66773.01,67370.24,65078.0,66043.99,28408.18797,2024-06-14,68127.69,68721.9588,66032.45199999999
1718409600000.0,66043.99,66478.48,65967.5,66259.99,8742.00272,2024-06-15,67691.90857142858,68566.42480000001,66082.2516
